"mirna","log2FC","logCPM","p_value","fdr","significant"
"hsa-miR-6131",2.79123740148531,11.3676422378427,0,0,TRUE
"hsa-miR-4532",2.04472576985876,13.7317067632736,0,0,TRUE
"hsa-miR-1908-5p",-1.91827410968048,13.9926779752083,0,0,TRUE
"hsa-miR-4783-3p",1.69358662170864,9.13276569620399,0,0,TRUE
"hsa-miR-4708-3p",1.59206555733266,8.9888435615587,0,0,TRUE
"hsa-miR-4271",-1.45803457524387,10.2271130855684,0,0,TRUE
"hsa-miR-1246",1.45210193938763,8.9125489100384,0,0,TRUE
"hsa-miR-575",-1.28312050505287,9.9492613866233,0,0,TRUE
"hsa-miR-1307-3p",1.26398266361658,9.44108678768705,0,0,TRUE
"hsa-miR-486-3p",-1.1697374388572,10.3575522850624,0,0,TRUE
"hsa-miR-4286",1.10935287708127,8.52021145179002,0,0,TRUE
"hsa-miR-885-3p",1.0750487973357,8.58433370578194,0,0,TRUE
"hsa-miR-1202",-1.06374020403778,9.49119805647943,0,0,TRUE
"hsa-miR-4732-5p",0.935691793617308,8.79276448139918,0,0,TRUE
"hsa-miR-125a-3p",-1.28432606924371,9.06072317039761,2.17388884170148e-322,7.90010967700153e-321,TRUE
"hsa-miR-1228-5p",-2.01781437088561,13.4525792848678,2.86014602377498e-319,9.74237177590146e-318,TRUE
"hsa-miR-8071",-1.20407930926816,9.82202584137087,1.29490120647058e-315,4.1513009265972e-314,TRUE
"hsa-miR-3180-3p",-1.33975515917252,11.0626402476246,1.00999222428709e-280,3.05803201242481e-279,TRUE
"hsa-miR-614",1.21403570582878,10.2697743000276,4.94753793887449e-279,1.4191621982561e-277,TRUE
"hsa-miR-135a-3p",-1.25709515051427,8.98029406722424,2.65911636331542e-250,7.24609209003453e-249,TRUE
"hsa-miR-6800-5p",-1.34388429541721,10.6802822051973,3.76038774124971e-239,9.75910151895758e-238,TRUE
"hsa-miR-6769a-5p",0.95990770006884,8.87624442728258,2.37745520415976e-211,5.88960493757758e-210,TRUE
"hsa-miR-887-3p",-0.884333450962995,9.48988157635991,2.64413794320072e-211,6.26545730019302e-210,TRUE
"hsa-miR-1238-5p",0.844485282069239,8.54136331144616,2.50525416747178e-201,5.68901467196718e-200,TRUE
"hsa-miR-1260a",0.788621453076078,8.80718981505057,4.30468632152669e-199,9.38421618092819e-198,TRUE
"hsa-miR-4530",-1.28916369888743,11.7653880347688,4.04911442017764e-195,8.48756676537235e-194,TRUE
"hsa-miR-5090",-0.983228088805617,9.56151682520512,3.05552532324448e-193,6.16763444877127e-192,TRUE
"hsa-miR-1233-5p",1.30629467269559,12.9946623514402,2.02172592800479e-186,3.93514510986647e-185,TRUE
"hsa-miR-4486",-0.761573727550378,9.90885253886944,7.19453993593474e-185,1.35207733278774e-183,TRUE
"hsa-miR-4281",-1.76470603827972,12.8386845371462,1.71822723887249e-181,3.12144615061835e-180,TRUE
"hsa-miR-711",-0.94922270378769,10.4754534263626,2.03810637831389e-174,3.58312250380991e-173,TRUE
"hsa-miR-6805-3p",-0.825871334770015,9.74040512899037,4.85264652738515e-174,8.26466361695284e-173,TRUE
"hsa-miR-1343-5p",-1.46510973059361,11.568422116175,1.25853117345048e-173,2.07848330160762e-172,TRUE
"hsa-miR-3194-3p",0.964115503845112,8.67699295829105,2.36540635158754e-172,3.79160724004474e-171,TRUE
"hsa-miR-150-3p",-0.884998939295457,8.58911448554838,9.85223361232035e-172,1.53413351963274e-170,TRUE
"hsa-miR-1913",-0.642511174832944,9.08002515811756,2.76187270409615e-168,4.18116839925667e-167,TRUE
"hsa-miR-6805-5p",-1.70504340212859,12.4889623834196,4.46325513759988e-168,6.57425418916739e-167,TRUE
"hsa-miR-2467-3p",1.33391996699429,9.13465980035456,1.19704739222852e-165,1.71681797043301e-164,TRUE
"hsa-miR-3141",-0.751155644833713,10.0204748968585,3.3346836171109e-164,4.66000659314216e-163,TRUE
"hsa-miR-1915-3p",-1.6849292380645,11.8544694338752,9.56436611852907e-162,1.30314488364959e-160,TRUE
"hsa-miR-4467",-0.883956831868149,12.3868928276276,3.2771046035795e-159,4.35615124134348e-158,TRUE
"hsa-miR-1909-3p",-0.828315522725397,10.7580485889449,2.25581149811588e-158,2.92718396779323e-157,TRUE
"hsa-miR-6729-5p",-1.61780083520785,14.2442168638546,6.20399575607977e-156,7.86320392340343e-155,TRUE
"hsa-miR-7975",0.804100224263075,9.61015994003876,4.25276170646991e-151,5.16542403570206e-150,TRUE
"hsa-miR-3648",-1.44017635499032,13.8535588621728,4.26502902030445e-151,5.16542403570206e-150,TRUE
"hsa-miR-4454",1.5478062564819,10.6202434678875,3.94710571196616e-148,4.67646220222078e-147,TRUE
"hsa-miR-1254",-0.599253745504191,8.92501826605673,5.68673147154295e-144,6.59418862125725e-143,TRUE
"hsa-miR-1185-2-3p",0.831377903421486,9.60062918122241,3.01333452944756e-142,3.42139024697691e-141,TRUE
"hsa-miR-4707-3p",-0.63026911441323,9.32002387639147,4.56349443490729e-142,5.07572340209077e-141,TRUE
"hsa-miR-658",0.713628442115068,8.56337060276641,1.78613704665441e-135,1.94688938085331e-134,TRUE
"hsa-miR-6890-5p",0.493999632960294,8.45204801346147,1.08355719768197e-134,1.15791896615034e-133,FALSE
"hsa-miR-8069",-1.58524844819796,13.8444021574938,3.90510630802196e-132,4.09285180359994e-131,TRUE
"hsa-miR-4787-5p",-1.17386665036958,14.965669040071,4.26449272230898e-129,4.385185912563e-128,TRUE
"hsa-miR-6875-5p",-0.737583602653801,11.0633080472613,2.8292486991187e-127,2.85544544633276e-126,TRUE
"hsa-miR-4419b",0.540886481930182,8.89675919948527,7.19462859429943e-127,7.1292228798058e-126,TRUE
"hsa-miR-8072",-1.26564744932606,14.5137500533273,2.71056592588264e-125,2.63796148143935e-124,TRUE
"hsa-miR-3131",-0.699764118073183,9.51425183622697,1.33239144289131e-124,1.27395322171187e-123,TRUE
"hsa-miR-6850-5p",-1.18587148035548,12.9187439337917,6.15734491465151e-123,5.78578099738805e-122,TRUE
"hsa-miR-6806-5p",-0.584833641738286,9.17247424879525,1.89967580007236e-120,1.75478527294819e-119,TRUE
"hsa-miR-6785-5p",-0.908633576503967,10.6412863150976,3.60946946104356e-120,3.27860142711456e-119,TRUE
"hsa-miR-6836-3p",-0.949988029473474,9.95443258182924,4.16475481445414e-120,3.72096946537296e-119,TRUE
"hsa-miR-3652",-0.544585204160489,8.78208684985378,4.28607248455419e-120,3.76759597432586e-119,TRUE
"hsa-miR-1910-5p",-0.599216491663718,8.35928575213289,3.72134938324242e-118,3.21926256169384e-117,TRUE
"hsa-miR-8059",0.803107251069775,10.6287419911672,1.84704864764148e-115,1.5728773640072e-114,TRUE
"hsa-miR-4741",-0.771747556303984,11.2269885275847,2.52864059732825e-115,2.12016788545215e-114,TRUE
"hsa-miR-3184-5p",-0.760699972696346,9.55596920937088,1.53102488795434e-113,1.26425539990169e-112,TRUE
"hsa-miR-637",0.443489266270728,8.65187122640647,1.23963768226707e-111,1.00836199527695e-110,FALSE
"hsa-miR-4730",-1.29160188361617,10.9573840433193,5.13578398011731e-111,4.11617980759402e-110,TRUE
"hsa-miR-4294",-1.14543467167067,12.136810322935,1.92759188665462e-109,1.52251822931416e-108,TRUE
"hsa-miR-1249-3p",-1.37120151964046,8.3401457008519,1.88373343556817e-108,1.46662103197808e-107,TRUE
"hsa-miR-3616-3p",-0.506079371519873,8.71340377847373,2.0484036893236e-108,1.57236621222727e-107,TRUE
"hsa-miR-6765-5p",-1.15316201344857,12.3566920095491,8.62174658193032e-108,6.52618317660003e-107,TRUE
"hsa-miR-187-5p",-0.707552282811045,9.98092681190759,2.28633147141922e-105,1.70691870126504e-104,TRUE
"hsa-miR-1193",-0.558221181764853,8.61275904603602,8.78640221284626e-104,6.47106649459623e-103,TRUE
"hsa-miR-6732-5p",-0.814871811120972,10.3483426660038,9.2749915624342e-104,6.73982720203552e-103,TRUE
"hsa-miR-3180",-0.85454020440824,10.5561932863228,2.88940012460668e-103,2.07200403672453e-102,TRUE
"hsa-miR-4322",0.550085111721528,8.4508000101932,1.06216129945094e-102,7.51789491169822e-102,TRUE
"hsa-miR-6754-5p",0.420092305640331,8.46485655272682,4.34240611695067e-102,3.03411709453605e-101,FALSE
"hsa-miR-498",-0.465363710563311,9.03666016906357,2.18234014705361e-100,1.50553845587876e-99,FALSE
"hsa-miR-4492",-1.04616335602966,11.5616839091728,4.90793692885216e-99,3.34353203278053e-98,TRUE
"hsa-miR-92a-2-5p",-1.31243873898627,10.3174430257203,3.55438853061721e-98,2.39153302368689e-97,TRUE
"hsa-miR-3197",-1.10934374169654,11.722170215058,4.24266858273421e-98,2.8198224116953e-97,TRUE
"hsa-miR-3646",-0.540289023608631,8.26902491621328,5.8946881230835e-98,3.87060846636206e-97,TRUE
"hsa-miR-3158-5p",0.53910723756926,8.43002380292438,1.31464172795746e-97,8.52952073496207e-97,TRUE
"hsa-miR-6778-5p",0.470177199071365,9.27538618148243,4.55069604245074e-94,2.91779922721841e-93,FALSE
"hsa-miR-6781-5p",-1.07015096658256,11.8620761985038,4.49152836775796e-93,2.8463755353815e-92,TRUE
"hsa-miR-1181",-0.591557553538021,8.5680036451286,7.13614653809088e-93,4.47034467041325e-92,TRUE
"hsa-miR-1225-5p",1.03173922926033,8.89315287709868,1.86789294095053e-92,1.1568200600205e-91,TRUE
"hsa-miR-128-1-5p",-0.590122703554696,9.27206221752577,2.80363783580039e-92,1.71683440506878e-91,TRUE
"hsa-miR-3614-5p",-0.54087758167113,8.2699278030114,2.4024076747934e-91,1.45479131418045e-90,TRUE
"hsa-miR-6769a-3p",0.395950215671109,8.47571100063101,3.40771269554506e-90,2.04088287810116e-89,FALSE
"hsa-miR-211-3p",0.521759753169408,9.0456893818237,7.6634659890844e-90,4.53977061309891e-89,TRUE
"hsa-miR-718",-0.618855797402282,8.92200250056715,1.03397645406933e-89,6.05932438137405e-89,TRUE
"hsa-miR-4534",-0.710236871290358,9.72520900714607,4.52653653643818e-89,2.62442809825405e-88,TRUE
"hsa-miR-4690-5p",0.50205631654731,8.67286667137329,1.25938393728304e-88,7.22488679809746e-88,TRUE
"hsa-miR-4716-5p",-0.536078910963063,8.39874952707267,6.40715536267558e-88,3.63739549235228e-87,TRUE
"hsa-miR-486-5p",-0.654259360112,8.66870512964167,4.80657879991637e-86,2.70060355253033e-85,TRUE
"hsa-miR-3147",-0.515039027006172,8.45727055962986,4.57396296402291e-85,2.54368348509437e-84,TRUE
"hsa-miR-564",-0.509229667084941,8.50545902786904,9.10363219373316e-85,5.01159550059048e-84,TRUE
"hsa-miR-762",-1.41534385658135,14.5143035046254,1.19536233562265e-84,6.51472472914343e-84,TRUE
"hsa-miR-671-5p",-0.48203260901121,9.19772410478862,1.66456419076206e-82,8.98205429668636e-82,FALSE
"hsa-miR-675-5p",0.519188146455012,8.94543452385412,1.20295337522572e-81,6.4275449950786e-81,TRUE
"hsa-miR-4734",0.956800591060627,14.0334721715502,2.00139662385309e-81,1.05899141747567e-80,TRUE
"hsa-miR-4498",0.478072787971125,8.46132835138156,4.07537450201516e-81,2.1356529842291e-80,FALSE
"hsa-miR-1343-3p",0.472602430389659,8.78438324156128,9.43974302045714e-81,4.89967613918966e-80,FALSE
"hsa-miR-4673",-0.60641777595276,8.31729585833087,4.5669522065979e-80,2.34810278546779e-79,TRUE
"hsa-miR-6771-5p",-0.644270552165917,10.8074020029044,1.21957114157171e-79,6.21183431922038e-79,TRUE
"hsa-miR-6746-5p",0.387238033118717,9.21567531615532,1.42442653380273e-79,7.18807834187488e-79,FALSE
"hsa-miR-6738-5p",0.412103544464296,9.27881726508888,9.95525730224386e-79,4.97762865112193e-78,FALSE
"hsa-miR-920",0.437614995699111,8.48655628859624,2.49067725422604e-78,1.23401736686654e-77,FALSE
"hsa-miR-4516",-1.1665329947339,14.4932785265189,4.16451090009404e-78,2.04473733382995e-77,TRUE
"hsa-miR-491-5p",-0.438279255012449,8.77316679417596,3.7648677330909e-77,1.83201153083441e-76,FALSE
"hsa-miR-642b-3p",0.613537734490464,10.8468681109126,3.84527164981558e-77,1.85457791960132e-76,TRUE
"hsa-miR-6792-3p",0.462209968288732,8.38922749869435,3.39818156617835e-76,1.62456925751509e-75,FALSE
"hsa-miR-6742-5p",0.479513204159031,8.406034828865,6.65225876352449e-76,3.15259219662682e-75,FALSE
"hsa-miR-4634",-0.739024097625019,10.5291242888016,1.67630711725677e-75,7.87575326642189e-75,TRUE
"hsa-miR-6798-5p",-1.20715919518515,11.6850773706875,6.52555760435743e-75,3.03968281570496e-74,TRUE
"hsa-miR-7114-5p",-0.637814383420712,9.74219510572581,1.15097701619635e-74,5.31595316802551e-74,TRUE
"hsa-miR-4515",0.497968554404354,8.48235653384344,1.62455917457337e-74,7.44020798439063e-74,FALSE
"hsa-miR-6842-5p",-0.406884908760358,9.11454794019127,1.79451558281236e-73,8.15009160527279e-73,FALSE
"hsa-miR-4433a-3p",-1.28065387282427,8.80227333246036,1.97250201600426e-72,8.88440990679604e-72,TRUE
"hsa-miR-3665",-1.26072610692022,14.6754941990258,2.35809156434357e-71,1.05340975620266e-70,TRUE
"hsa-miR-4746-3p",-0.477057476214318,9.24363148376532,1.50990886296062e-70,6.69024658791494e-70,FALSE
"hsa-miR-7108-5p",-0.481382784151877,11.3144149629694,2.04102694526996e-70,8.97064262235589e-70,FALSE
"hsa-miR-4270",-0.536702435252356,10.2896485992833,4.88688428890772e-70,2.13068154996376e-69,TRUE
"hsa-miR-371a-5p",0.4448861371233,9.18462749537905,2.01376302994244e-69,8.71032421681453e-69,FALSE
"hsa-miR-6825-5p",-0.773546795207537,9.28220102157291,4.32314936518067e-68,1.85520976694761e-67,TRUE
"hsa-miR-5572",-0.663468679984536,8.81411154589241,6.11943475187973e-68,2.60554057794879e-67,TRUE
"hsa-miR-6765-3p",0.431103947949408,9.18577630152353,1.82477641785147e-67,7.70932672658181e-67,FALSE
"hsa-miR-5698",-0.528113154151629,9.10322002614076,7.26539223642452e-67,3.04587597603951e-66,TRUE
"hsa-miR-4743-5p",0.343221160693187,8.49225658586012,7.98932299244498e-67,3.32380231365077e-66,FALSE
"hsa-miR-4685-5p",0.384695471735666,8.3560382775164,1.06732591026487e-66,4.40676228101784e-66,FALSE
"hsa-miR-1227-5p",-0.576106649244941,11.5857382355028,1.82396902585701e-66,7.47415879016593e-66,TRUE
"hsa-miR-1268a",-0.991519299261926,12.3578571968876,3.13845731455617e-66,1.27646211674113e-65,TRUE
"hsa-miR-4723-3p",0.423394194567018,8.35371637530702,3.52849854778586e-66,1.42446793225429e-65,FALSE
"hsa-miR-1203",-0.410783121792691,8.90893203353092,4.40423302912005e-66,1.76493161828708e-65,FALSE
"hsa-miR-8073",0.402835852521097,8.91505530935774,5.44906758188064e-66,2.16769476797441e-65,FALSE
"hsa-miR-4675",0.50448777453125,9.53967885754408,1.6264869135866e-65,6.42344469496158e-65,TRUE
"hsa-miR-451a",0.658083294820381,8.7849496509467,5.74929791096228e-65,2.25422112336291e-64,TRUE
"hsa-miR-4655-5p",-0.503662164507708,10.0338354442345,6.41706036770705e-65,2.49806992885739e-64,TRUE
"hsa-miR-6086",0.416626426139541,8.38269356600066,1.43014138492567e-64,5.52785145237227e-64,FALSE
"hsa-miR-4485-5p",-1.04788624463932,8.21462254656392,4.55195265508434e-64,1.74705225142321e-63,TRUE
"hsa-miR-550a-5p",-0.448426458299479,8.9498095125918,5.32637305578327e-64,2.02998133944188e-63,FALSE
"hsa-miR-3679-5p",-0.493164147634068,10.1104815765961,9.67229764912598e-64,3.66069598525948e-63,FALSE
"hsa-miR-6887-5p",0.453332604266932,8.9389081555325,2.97135252002883e-63,1.11681870580394e-62,FALSE
"hsa-miR-1273g-3p",0.531617546577265,9.26032342479059,2.90766677421331e-62,1.0853961588673e-61,TRUE
"hsa-miR-3937",-0.57685293516766,10.243446068634,6.97079898778396e-62,2.58441186962059e-61,TRUE
"hsa-miR-6795-5p",0.410031811999664,8.75684229314874,2.18564951792537e-61,8.04850667073868e-61,FALSE
"hsa-miR-4651",-0.660863698733751,12.3313703326169,7.54559088178413e-61,2.75996445004856e-60,TRUE
"hsa-miR-7977",0.691512380386542,9.55812667767446,3.03086684595904e-60,1.10121495403179e-59,TRUE
"hsa-miR-619-5p",0.67584445929227,8.57855285073047,3.5048753850167e-60,1.26500469194311e-59,TRUE
"hsa-miR-6165",0.356381583951292,8.61821772008657,5.01378678983956e-60,1.79770644767274e-59,FALSE
"hsa-miR-6865-3p",0.358351491425379,8.5824305958311,4.44517516422757e-59,1.58341206830328e-58,FALSE
"hsa-miR-4706",0.461021750591203,9.81002595682467,1.80373286922933e-58,6.383340348896e-58,FALSE
"hsa-miR-4257",0.388868871254717,9.22512158855261,3.45920928373736e-58,1.21630261912055e-57,FALSE
"hsa-miR-6515-5p",0.403590316470721,8.43674670587133,2.52889555640692e-57,8.83492357847291e-57,FALSE
"hsa-miR-6799-5p",-0.631569950123588,10.4836043082577,3.76640689786436e-57,1.30744698046884e-56,TRUE
"hsa-miR-3178",-0.942974317210588,12.8744802043499,1.87157687884767e-56,6.45575568969608e-56,TRUE
"hsa-miR-3940-5p",-1.18332617260499,13.0650563819396,4.99058638000156e-56,1.71060979691877e-55,TRUE
"hsa-miR-1249-5p",-1.08385436255827,9.22194457008619,5.66249507846793e-56,1.92878738610314e-55,TRUE
"hsa-miR-7845-5p",-0.46508930961494,9.35416742163749,5.16362344162777e-55,1.74793464328394e-54,FALSE
"hsa-miR-4449",-0.413282474974219,9.21531080355741,2.24560023770812e-53,7.55464277500571e-53,FALSE
"hsa-miR-4290",-0.374268653379424,8.34691196655923,4.32312505643974e-53,1.44546205874826e-52,FALSE
"hsa-miR-6761-3p",0.307351462537761,8.46644148174208,5.84233258214037e-52,1.94150686418689e-51,FALSE
"hsa-miR-6820-5p",-0.470056295140351,9.64133489500886,9.86292063128148e-52,3.25775257215055e-51,FALSE
"hsa-miR-1236-3p",0.314748224584863,8.51709805898197,5.93062542691423e-51,1.94710292630618e-50,FALSE
"hsa-miR-3960",-0.860943308342272,16.3849329700966,6.09587101000224e-51,1.9893710781145e-50,TRUE
"hsa-miR-149-3p",-0.630740602249829,11.3928075741727,1.76138934215409e-50,5.71403090163083e-50,TRUE
"hsa-miR-1268b",-0.734828866538468,11.6467376564141,1.23279209840809e-49,3.97557215167106e-49,TRUE
"hsa-miR-4430",0.475888516492874,8.50718173965818,2.09560173399556e-49,6.71825261780928e-49,FALSE
"hsa-miR-4435",-0.597479165286886,8.7062542161588,2.54850403397809e-49,8.12242513753252e-49,TRUE
"hsa-miR-8089",-0.386367475681632,9.28689882954761,4.70060610126479e-49,1.48943623557518e-48,FALSE
"hsa-miR-6088",0.971393002674641,12.246019836335,6.96771183431368e-49,2.19503060676356e-48,TRUE
"hsa-miR-4447",0.421330728620259,8.7391899971361,9.30908381570036e-49,2.91577625261879e-48,FALSE
"hsa-miR-6774-5p",-0.297148433443499,9.26591260466572,9.95804040606238e-49,3.101218297888e-48,FALSE
"hsa-miR-4481",-0.393451012191755,8.7294819243822,1.71944164648658e-48,5.32440737122266e-48,FALSE
"hsa-miR-4436b-5p",-0.375074427237721,8.53648234069453,1.8125362823987e-48,5.58097329891125e-48,FALSE
"hsa-miR-7160-5p",0.34750262539601,8.34553134916857,3.0853885119259e-48,9.44683561235741e-48,FALSE
"hsa-miR-6786-5p",-0.865738786869805,13.9292480667907,4.57432655460289e-48,1.39274188394334e-47,TRUE
"hsa-miR-4507",0.399009539533447,8.67387096272643,1.74661082924608e-47,5.28834945521728e-47,FALSE
"hsa-miR-1281",0.364577782313019,8.41710646726276,2.54952115476561e-47,7.67673496876938e-47,FALSE
"hsa-miR-6125",-0.742813487858952,13.7699393500237,3.09699360427434e-47,9.27396436444788e-47,TRUE
"hsa-miR-328-3p",0.286754463705957,8.69207678763341,4.58536362386359e-47,1.36056760665907e-46,FALSE
"hsa-miR-638",-0.701608345213768,14.3294809887108,4.59347595642693e-47,1.36056760665907e-46,TRUE
"hsa-miR-4710",0.548191992496232,8.6239188479743,5.22190177994008e-47,1.53834403787424e-46,TRUE
"hsa-miR-6756-3p",0.358732440540561,8.41405582689573,6.82547818009956e-47,1.99993849900767e-46,FALSE
"hsa-miR-6777-3p",0.282896181998653,8.60397373023724,8.56161625991297e-47,2.49523040730084e-46,FALSE
"hsa-miR-6824-5p",-0.415335262029475,9.33784751419741,1.81368924000967e-46,5.25776933938974e-46,FALSE
"hsa-miR-4446-3p",-0.350083611434493,9.88184653456414,2.18515523586948e-46,6.30110901348607e-46,FALSE
"hsa-miR-4787-3p",0.381054749038762,8.44642673755591,7.69873592762859e-46,2.20832162134609e-45,FALSE
"hsa-miR-296-5p",0.341667202377093,9.5471156737962,8.50674485504544e-46,2.42731724921454e-45,FALSE
"hsa-miR-6766-5p",0.279884148267751,8.76068203732451,1.1597433136382e-45,3.2919797184001e-45,FALSE
"hsa-miR-6757-5p",0.445293131289537,9.7706621860284,3.14185867480994e-45,8.87208796772756e-45,FALSE
"hsa-miR-7106-5p",0.381237984556748,8.6110359230658,4.49286767378247e-45,1.26217158876879e-44,FALSE
"hsa-miR-4687-3p",-0.577001581020855,11.2359173838999,1.56571381211301e-44,4.37596937231586e-44,TRUE
"hsa-miR-6893-5p",-0.513098024428356,10.0363899134329,3.45959617870808e-43,9.61979549691787e-43,TRUE
"hsa-miR-652-5p",0.417571205936186,8.52236558360675,8.53563937349178e-43,2.36138246627057e-42,FALSE
"hsa-miR-3162-5p",-0.310833248738053,9.7365040471479,4.11782612356976e-42,1.13344203906339e-41,FALSE
"hsa-miR-3622a-3p",-0.331203481409113,8.36958588894109,5.14306061164499e-42,1.40852664992287e-41,FALSE
"hsa-miR-6845-5p",-0.48301660371597,11.2897858924183,5.80223998414378e-42,1.58111039567918e-41,FALSE
"hsa-miR-5010-5p",-0.448802379329424,8.47684298023326,6.41530539923849e-42,1.73947335451989e-41,FALSE
"hsa-miR-370-3p",0.250732739084306,8.84050148423433,7.5872463331962e-42,2.0470540849465e-41,FALSE
"hsa-miR-197-5p",0.311775437107196,9.8115627257131,2.08869967446318e-41,5.60759272208094e-41,FALSE
"hsa-miR-7108-3p",0.351403836996623,8.52105257998981,3.70823539731084e-41,9.90680535065887e-41,FALSE
"hsa-miR-7107-5p",0.600903494849175,9.35897409512788,4.54116816079159e-41,1.2072861695763e-40,TRUE
"hsa-miR-3135b",-0.349156064397722,9.64041909586052,2.35301349389707e-40,6.22520560278593e-40,FALSE
"hsa-miR-6787-5p",0.415330952378801,10.188570429199,2.58761865176384e-40,6.81281239232509e-40,FALSE
"hsa-miR-6869-5p",-0.978204552506322,14.5128211638775,5.35649063067101e-40,1.40350355467101e-39,TRUE
"hsa-miR-615-5p",-0.303631240481612,8.75840975262659,9.20780544511242e-40,2.40107845339056e-39,FALSE
"hsa-miR-6796-3p",0.355077001709472,8.49698652560598,2.2817649317472e-39,5.92172327524867e-39,FALSE
"hsa-miR-4483",-0.361503530586679,8.36540400983716,2.756694960368e-39,7.12037323886522e-39,FALSE
"hsa-miR-4745-5p",-0.878601797559686,13.1963619182035,3.41046970877235e-39,8.7674810909478e-39,TRUE
"hsa-miR-1185-1-3p",0.443339737776027,10.0610206947568,6.94361233023812e-39,1.77665198121116e-38,FALSE
"hsa-miR-6800-3p",0.37067208927773,8.42361197510555,1.13668917517887e-38,2.89483925454431e-38,FALSE
"hsa-miR-1275",-0.596588648908688,8.83657387545091,1.18220756803776e-38,2.99675871897945e-38,TRUE
"hsa-miR-3675-3p",0.274696011869996,8.54493368465684,2.4696895262181e-38,6.23139255457809e-38,FALSE
"hsa-miR-1914-5p",-0.318217429874648,8.37237035764912,3.70780051441014e-38,9.31221788181349e-38,FALSE
"hsa-miR-4656",-0.336372603696905,9.72401972499192,8.1274482355117e-38,2.03186205887792e-37,FALSE
"hsa-miR-4758-3p",0.259961162749909,8.72267839771414,3.57462805978932e-37,8.89576389308301e-37,FALSE
"hsa-miR-663b",0.465639124379035,9.9277890803976,1.42042532805887e-36,3.51878092632766e-36,FALSE
"hsa-miR-3622a-5p",-0.275999063919207,8.83663821526939,8.05190394296775e-36,1.98565051987214e-35,FALSE
"hsa-miR-874-3p",0.292643707642081,8.50810519070224,8.41210167330853e-36,2.06513306844736e-35,FALSE
"hsa-miR-1229-3p",0.289625101114107,8.44158720157347,3.15835141722924e-35,7.71884090757819e-35,FALSE
"hsa-miR-6727-5p",-1.02150607017245,12.8272522881878,3.34059151533761e-35,8.12777846365624e-35,TRUE
"hsa-miR-328-5p",-0.663635740372849,12.7674835872809,3.58710405910337e-35,8.68876316538371e-35,TRUE
"hsa-miR-6126",-0.652311152002741,12.9139302244762,4.77298228075072e-35,1.1510067889421e-34,TRUE
"hsa-miR-4646-5p",0.327926509809388,8.36750391875012,6.38375468422053e-35,1.53266356955955e-34,FALSE
"hsa-miR-3917",0.284545642312664,8.70038892975829,1.26299123977867e-34,3.018992217892e-34,FALSE
"hsa-miR-1228-3p",-0.338312008493764,8.73087794840722,1.55943803798708e-34,3.71132633494742e-34,FALSE
"hsa-miR-1237-3p",0.262465456344531,8.66218467778555,2.77112649969812e-34,6.56636496667597e-34,FALSE
"hsa-miR-3928-3p",-0.282513606535423,8.91439631021606,5.03936807957797e-34,1.18894181964069e-33,FALSE
"hsa-miR-6777-5p",0.347220223091064,8.79046686354967,1.1333955666344e-33,2.66250251644719e-33,FALSE
"hsa-miR-6894-3p",0.315790493641918,8.4557468962524,2.70983388303355e-33,6.33845264486387e-33,FALSE
"hsa-miR-6790-3p",0.314041229406226,8.36990513815247,6.04368827806356e-33,1.40761115877976e-32,FALSE
"hsa-miR-4674",-0.736422742523382,11.1073702264113,1.00956178256006e-32,2.34132413402226e-32,TRUE
"hsa-miR-8064",0.263389837598598,8.36300592003401,2.75731202678742e-32,6.36752141779298e-32,FALSE
"hsa-miR-6813-5p",-0.294589570609343,8.73982032119851,5.49898256145489e-32,1.26453396455397e-31,FALSE
"hsa-miR-7150",0.654347009212497,9.58470720995621,1.03805940436072e-31,2.37706880410332e-31,TRUE
"hsa-miR-1231",-0.307375890930322,9.13782942189848,1.28452097163789e-31,2.92913778051318e-31,FALSE
"hsa-miR-939-3p",0.282068926344587,8.33822239743279,1.91574382785606e-31,4.35033494242313e-31,FALSE
"hsa-miR-4749-3p",0.309519163964636,8.41698297322834,2.15936109801059e-31,4.883202483053e-31,FALSE
"hsa-miR-1229-5p",-0.348939443131913,9.97280707711759,9.3094000316487e-31,2.09653843687956e-30,FALSE
"hsa-miR-4443",0.407318571552699,8.95801986176062,1.34489300070536e-29,3.01632380816635e-29,FALSE
"hsa-miR-937-5p",-0.318445159732436,9.89718624047672,1.53650677696482e-29,3.43195161248289e-29,FALSE
"hsa-miR-2392",-0.245970499326531,8.92957465611812,4.12893335709927e-29,9.1847701208943e-29,FALSE
"hsa-miR-4736",0.34938764786867,8.66823650626594,5.85586940978275e-29,1.29733692208602e-28,FALSE
"hsa-miR-373-5p",-0.262585428341407,8.80176611789189,6.42757200391866e-29,1.41822945025736e-28,FALSE
"hsa-miR-6754-3p",0.253668551140889,8.40167913936622,6.70291007248161e-29,1.47301854415423e-28,FALSE
"hsa-miR-6892-5p",0.254610254383216,8.35125671680696,1.3667902740371e-28,2.99156907369566e-28,FALSE
"hsa-miR-6895-5p",0.301009706393953,8.53369984380723,1.1887323161983e-27,2.5914364493123e-27,FALSE
"hsa-miR-483-5p",-0.27356060145255,8.60534662275352,1.62474004452195e-27,3.52782200902176e-27,FALSE
"hsa-miR-3196",-0.858896519594267,12.7524875905403,4.01457403918725e-27,8.68231290221053e-27,TRUE
"hsa-miR-760",-0.281164929355271,9.93911486428462,6.80692626706377e-27,1.46631415634378e-26,FALSE
"hsa-miR-6821-5p",-0.438370430806017,10.7007041872612,8.47812226844019e-27,1.81912465996059e-26,FALSE
"hsa-miR-6722-3p",-0.337336701384994,10.4590831892079,1.61427301461213e-26,3.45011291358279e-26,FALSE
"hsa-miR-4433a-5p",-0.612511592213349,8.10745874857032,2.2370920813193e-26,4.76255931374616e-26,TRUE
"hsa-miR-3610",-0.238620884497314,8.50980246383095,2.6133591855596e-26,5.54194846743184e-26,FALSE
"hsa-miR-4466",-0.840447298558201,13.4165692612101,4.42178587877199e-26,9.34059420128191e-26,TRUE
"hsa-miR-4476",-0.348448915811456,9.04641621966181,5.6091272073183e-26,1.18029896833532e-25,FALSE
"hsa-miR-4298",-0.281548649499707,8.85808300554751,9.24719323311737e-26,1.93835396617268e-25,FALSE
"hsa-miR-6835-5p",0.233867608078811,8.47507902945022,1.19207057741778e-25,2.48918951989537e-25,FALSE
"hsa-miR-3175",0.234881438718762,8.50037353740138,1.22633969427721e-25,2.55097379153083e-25,FALSE
"hsa-miR-8063",0.39835412910014,9.89729402125604,2.15222404238779e-25,4.45993195095568e-25,FALSE
"hsa-miR-6724-5p",-0.536760115180875,11.4503037967658,2.48628205023915e-25,5.13266559613763e-25,TRUE
"hsa-miR-574-3p",0.256982368080725,8.39407914262444,3.08085350700918e-25,6.33609494837738e-25,FALSE
"hsa-miR-320a",0.258466936274409,8.49013595431869,3.40476848176504e-25,6.97593542316521e-25,FALSE
"hsa-miR-504-3p",-0.279436419976654,8.73326672298442,4.14679759479063e-25,8.46443703805578e-25,FALSE
"hsa-miR-6851-5p",-0.2263096268294,9.04719832767509,4.69633579500883e-25,9.55038435925304e-25,FALSE
"hsa-miR-6076",-0.418079881986123,9.62147568241275,9.39803784580056e-25,1.90406342972539e-24,FALSE
"hsa-miR-548q",0.263849879381342,8.4052729593359,1.01822466511306e-24,2.05530534254304e-24,FALSE
"hsa-miR-6075",-0.246619717439303,10.2487362394382,1.15827315224282e-24,2.32936851650308e-24,FALSE
"hsa-miR-204-3p",-0.891887409145468,13.6225302540121,2.4745953346488e-24,4.95828844626323e-24,TRUE
"hsa-miR-6791-5p",-0.456768832845005,11.0000942307499,4.04988397487185e-24,8.08493320990901e-24,FALSE
"hsa-miR-4722-3p",-0.239964483849515,8.51881667497184,1.12724853464026e-23,2.24215493203993e-23,FALSE
"hsa-miR-6085",-0.4683858147108,11.8575730171179,2.84810461420332e-23,5.6444255081484e-23,FALSE
"hsa-miR-6870-5p",-0.317677771882215,9.63252374377511,7.37700100163291e-23,1.45669041517751e-22,FALSE
"hsa-miR-7641",0.305553980826396,8.8905560457903,8.81356906302422e-23,1.73407766763473e-22,FALSE
"hsa-miR-6766-3p",0.240489313436634,8.57442530572663,1.78165686177609e-22,3.49281650959701e-22,FALSE
"hsa-miR-3620-5p",-0.285707412757468,10.0658372875407,1.84308734986362e-22,3.60029607769059e-22,FALSE
"hsa-miR-4667-5p",-0.28084415120599,8.92378824784021,2.54772065666363e-22,4.95895627814885e-22,FALSE
"hsa-miR-494-3p",-0.245549959597667,8.56618142313253,2.68203796191324e-22,5.20181739944028e-22,FALSE
"hsa-miR-4323",-0.224051442157273,8.41196066636304,1.49014039467921e-21,2.87988125922046e-21,FALSE
"hsa-miR-6885-3p",0.200638562029227,8.41128168665817,4.49443198547776e-21,8.65535488369391e-21,FALSE
"hsa-miR-6803-3p",-0.290968877315431,8.42706518348866,5.7833012827597e-21,1.10982366165635e-20,FALSE
"hsa-miR-6769b-5p",-0.277893866698748,8.97028380642607,6.60526300029545e-21,1.26311169654773e-20,FALSE
"hsa-miR-6797-5p",0.24922343244898,8.53831885351855,7.27880260926012e-21,1.38704455316321e-20,FALSE
"hsa-miR-6803-5p",-0.583439264267848,12.2669662497077,7.79958237361504e-21,1.48110536363073e-20,TRUE
"hsa-miR-629-3p",0.274320790369849,8.3757943374366,9.55249691235128e-21,1.805298858521e-20,FALSE
"hsa-miR-4728-3p",0.213861006454892,8.44499066113612,9.57305266261593e-21,1.805298858521e-20,FALSE
"hsa-miR-3151-5p",0.247253487828526,8.33670091610326,1.01089933326666e-20,1.89979357458734e-20,FALSE
"hsa-miR-665",0.235204874879658,9.32751188602033,1.1333488761998e-20,2.12259497432608e-20,FALSE
"hsa-miR-940",0.238637405090017,8.95176395384994,1.24059047998419e-20,2.31548565613487e-20,FALSE
"hsa-miR-1470",0.236668578252822,8.4950125182763,1.66863739528501e-20,3.10377945539363e-20,FALSE
"hsa-miR-422a",0.213136908307534,9.18934328210889,2.73471574472881e-20,5.06945605740546e-20,FALSE
"hsa-miR-4429",0.234506149281502,8.91798542944653,4.05030146078249e-20,7.48276032585239e-20,FALSE
"hsa-miR-4721",-0.227342326298352,8.57473910801535,4.11592297680047e-20,7.57830412958196e-20,FALSE
"hsa-miR-4723-5p",-0.359297054712108,10.3262706190405,4.7933431587275e-20,8.79586539227773e-20,FALSE
"hsa-miR-5096",0.237298764727919,8.43961951571224,2.41001720858409e-19,4.40758180764539e-19,FALSE
"hsa-miR-6886-3p",0.247016517968755,8.36853671855974,5.27589075890389e-19,9.61659017927297e-19,FALSE
"hsa-miR-7113-3p",0.262100603305705,8.47583151525878,5.37426536747848e-19,9.76324875091923e-19,FALSE
"hsa-miR-4739",-0.556076339031648,12.4551194794504,5.43254827412996e-19,9.83634155947119e-19,TRUE
"hsa-miR-6716-5p",-0.249492638567398,9.00806954135506,1.08168415847279e-18,1.95204591512473e-18,FALSE
"hsa-miR-4649-5p",0.363984420967864,12.0033217404645,1.42198582571311e-18,2.55769727727276e-18,FALSE
"hsa-miR-6840-3p",-0.270794504263495,10.545702816064,1.96283647026286e-18,3.5189009088594e-18,FALSE
"hsa-miR-6776-5p",0.223547044916534,8.31514069897433,2.2387048054753e-18,4.00030858683292e-18,FALSE
"hsa-miR-6880-5p",-0.275877004570269,9.21246214738883,2.64667667894623e-18,4.71385225498593e-18,FALSE
"hsa-miR-6717-5p",0.263670771324072,8.74029639655869,4.72224127948545e-18,8.38313191309307e-18,FALSE
"hsa-miR-4258",0.407127072491576,9.70619843245824,6.04182833986041e-18,1.06908975494283e-17,FALSE
"hsa-miR-6829-5p",-0.238475987664063,8.81971634017334,6.14624787718777e-18,1.08404695568522e-17,FALSE
"hsa-miR-6763-3p",0.201433307373242,8.39098726147363,6.66771500854956e-18,1.1722273160192e-17,FALSE
"hsa-miR-6819-5p",-0.278111332185009,9.76278484956105,6.79867411828112e-18,1.19140752233544e-17,FALSE
"hsa-miR-7847-3p",0.243507976500314,9.03622962179343,8.05518241454939e-18,1.40707513331071e-17,FALSE
"hsa-miR-3188",0.192439559080262,9.3169893824772,9.07650296731881e-18,1.58041345597085e-17,FALSE
"hsa-miR-25-5p",-0.236183659333313,8.40264493770262,2.49088215756264e-17,4.32334641997338e-17,FALSE
"hsa-miR-4472",0.246478198264783,8.38995241142745,3.26934883546093e-17,5.65649242960701e-17,FALSE
"hsa-miR-1247-3p",0.164149881063722,9.04812460972819,1.22946590536182e-16,2.12043961526011e-16,FALSE
"hsa-miR-4707-5p",-0.268517551415884,9.81993998291912,1.6307140670405e-16,2.80359358529044e-16,FALSE
"hsa-miR-4505",-0.283725316675541,11.1705408388639,1.73822603054603e-16,2.97903517813706e-16,FALSE
"hsa-miR-5193",-0.225684288298023,8.25257791187192,3.08544179292695e-16,5.27136607255545e-16,FALSE
"hsa-miR-675-3p",-0.18952257199594,8.48064221984075,3.31265687362324e-16,5.64186873788959e-16,FALSE
"hsa-miR-3122",-0.169910855099233,8.53333094544656,3.93996465028749e-16,6.6893480822638e-16,FALSE
"hsa-miR-6762-5p",0.181886043509608,9.84178183292961,7.04775955014972e-16,1.19286613504087e-15,FALSE
"hsa-miR-4638-5p",0.238563689711232,8.40965985795904,7.26344288760743e-16,1.22556544078825e-15,FALSE
"hsa-miR-4763-5p",0.187314696048057,8.57492897976117,1.95566917770529e-15,3.28962870941168e-15,FALSE
"hsa-miR-6750-3p",0.21135932661786,8.3093494654225,3.88949759399841e-15,6.52238827301272e-15,FALSE
"hsa-miR-642a-3p",-0.224133692181119,9.90876373677765,4.83869737107406e-15,8.0892333350778e-15,FALSE
"hsa-miR-6801-3p",0.17716770408576,8.46167064434792,6.57896108215136e-15,1.09649351369189e-14,FALSE
"hsa-miR-6879-5p",-0.312382510362706,10.8149821991692,7.09788847822857e-15,1.17937476238859e-14,FALSE
"hsa-miR-4478",0.169666047751645,8.55244227416413,8.22925683436264e-15,1.36320515949168e-14,FALSE
"hsa-miR-4279",-0.168060366786518,8.60421223753184,1.16944081416941e-14,1.93134922340099e-14,FALSE
"hsa-miR-6510-5p",-0.186888308976855,9.31356951235276,1.19330450879165e-14,1.96480651749683e-14,FALSE
"hsa-miR-4750-5p",0.184015392403778,8.83368978274155,1.35437873659e-14,2.22330244410105e-14,FALSE
"hsa-miR-7846-3p",-0.159155005987784,8.90325615615526,4.77264103426277e-14,7.81107917018983e-14,FALSE
"hsa-miR-3656",-0.555896186992375,12.1629106050536,5.2266669104534e-14,8.52854331196738e-14,TRUE
"hsa-miR-4763-3p",-0.303219976358766,10.573871034576,6.95246680522696e-14,1.13107295786528e-13,FALSE
"hsa-miR-2276-3p",-0.180709539505926,8.32203911054213,1.07666192366367e-13,1.74637127499018e-13,FALSE
"hsa-miR-6737-5p",-0.161199920142632,9.31457314434047,1.71971533182719e-13,2.78114200547721e-13,FALSE
"hsa-miR-1914-3p",-0.207416055062267,9.52092507366935,1.9525256364896e-13,3.14830317126282e-13,FALSE
"hsa-miR-6831-5p",-0.217364524816679,8.34473655162918,4.01535014953279e-13,6.45535643508959e-13,FALSE
"hsa-miR-6808-5p",-0.263798742813102,9.48515422250254,4.9419967444318e-13,7.92173007563333e-13,FALSE
"hsa-miR-6741-3p",0.147229583259974,8.47083142764945,9.49731271713307e-13,1.51789895332479e-12,FALSE
"hsa-miR-3679-3p",0.15880852245224,8.94160743063522,9.91173724942314e-13,1.57950198857766e-12,FALSE
"hsa-miR-4539",0.159608504421049,8.35349252003509,2.5847241550192e-12,4.10692322007424e-12,FALSE
"hsa-miR-4731-3p",0.144375719645838,8.57786335026608,2.69812749236719e-12,4.27464966087244e-12,FALSE
"hsa-miR-1260b",0.333506220613586,9.20288227269724,3.1880952531065e-12,5.03626641432766e-12,FALSE
"hsa-miR-6087",0.610428478151019,12.8016754700289,3.45020775660266e-12,5.43457580158512e-12,TRUE
"hsa-miR-6768-5p",-0.428339559856855,10.8198074790741,9.4460779521101e-12,1.48360590314121e-11,FALSE
"hsa-miR-939-5p",0.352407638728007,8.82194104132315,1.1566290355612e-11,1.81138742638177e-11,FALSE
"hsa-miR-371b-5p",-0.170415290945497,8.39806790304996,4.4045073287874e-11,6.87809883721815e-11,FALSE
"hsa-miR-4689",-0.243402043726952,10.7055090309875,9.50636632731561e-11,1.48027704239629e-10,FALSE
"hsa-miR-483-3p",-0.149867335705415,8.61525541043126,1.25459824634692e-10,1.94802291811702e-10,FALSE
"hsa-miR-6885-5p",0.412128246719358,12.2153296944329,1.48032731959393e-10,2.29198406016674e-10,FALSE
"hsa-miR-6090",0.408960277474121,14.5692166150132,1.48953165785429e-10,2.29970185136143e-10,FALSE
"hsa-miR-1288-3p",-0.147800187026794,8.45334188968346,2.22516942146948e-10,3.42575518277081e-10,FALSE
"hsa-miR-572",-0.16532756626391,8.30416516286723,2.7324390455155e-10,4.19487121072098e-10,FALSE
"hsa-miR-4747-3p",-0.152686521431382,8.49290472359584,3.98799443236582e-10,6.10521619561621e-10,FALSE
"hsa-miR-4749-5p",-0.169598855452499,10.294588408127,4.29212789123042e-10,6.55240812526773e-10,FALSE
"hsa-miR-1587",0.140720296702306,8.47444612334553,4.739929154454e-10,7.2158139362498e-10,FALSE
"hsa-miR-7111-5p",-0.245276262036431,9.5779297561775,5.63265356983858e-10,8.55096433304186e-10,FALSE
"hsa-miR-602",-0.175296334473017,8.20496644570114,7.8872376496619e-10,1.19404014418493e-09,FALSE
"hsa-miR-6809-3p",0.142267914640477,8.31632767789067,1.0856916777967e-09,1.63906361329419e-09,FALSE
"hsa-miR-625-3p",0.157013036878846,8.30394295014079,1.15872307429775e-09,1.7444863963875e-09,FALSE
"hsa-miR-6891-5p",-0.199557702645642,9.51210861405421,1.47994353990299e-09,2.22195379957886e-09,FALSE
"hsa-miR-4433b-3p",0.304833132422657,9.58728072482069,3.29127126679553e-09,4.92432894717331e-09,FALSE
"hsa-miR-6857-5p",0.231763879375064,8.23609444597896,3.2979450747124e-09,4.92432894717331e-09,FALSE
"hsa-miR-4646-3p",0.16121415467923,8.1911993743045,3.78247803551393e-09,5.63237849550572e-09,FALSE
"hsa-miR-4688",-0.149053864505553,9.37719387559683,3.96489588119777e-09,5.88792440123374e-09,FALSE
"hsa-miR-7851-3p",0.160321382062617,8.50035303635498,4.54937244617053e-09,6.73752169337756e-09,FALSE
"hsa-miR-6893-3p",0.12334177419698,8.46690928238914,6.62573778231361e-09,9.78598127740086e-09,FALSE
"hsa-miR-6792-5p",0.127715191700657,8.78580394236289,7.45544488561232e-09,1.09816688179965e-08,FALSE
"hsa-miR-1469",0.378984723492186,12.2462126611648,1.00529740917934e-08,1.47678460378097e-08,FALSE
"hsa-miR-6127",0.127039719233004,8.34630895763714,1.2497006335989e-08,1.8308786164285e-08,FALSE
"hsa-miR-4726-5p",0.125234672024377,9.15804399627914,1.66529459527976e-08,2.43320523975193e-08,FALSE
"hsa-miR-6726-3p",-0.164181602482703,8.3190744803247,1.88782768362505e-08,2.75097884378516e-08,FALSE
"hsa-miR-3619-3p",-0.181629384145989,9.51979044754792,2.19419575500043e-08,3.18889783060062e-08,FALSE
"hsa-miR-4722-5p",-0.132489046368812,8.92708653523126,2.95003037420624e-08,4.27597487750639e-08,FALSE
"hsa-miR-6798-3p",0.154889533407145,8.31632650389381,2.96954172525124e-08,4.292838833586e-08,FALSE
"hsa-miR-3194-5p",0.142266005550025,8.3424722871726,3.14390075797201e-08,4.53287278596494e-08,FALSE
"hsa-miR-7704",-0.489837530014782,14.0966209527118,3.67822033163016e-08,5.2892614267505e-08,FALSE
"hsa-miR-4327",0.199074870834662,10.552514034648,4.25788727449771e-08,6.10670674895066e-08,FALSE
"hsa-miR-744-5p",0.189685166393935,10.2176816688158,5.73421222276752e-08,8.20248205094041e-08,FALSE
"hsa-miR-24-3p",-0.153066469078283,8.53940458925739,7.52645305683689e-08,1.07380023978432e-07,FALSE
"hsa-miR-6797-3p",0.129115509075733,8.31990930274701,7.6782022522039e-08,1.0925901377157e-07,FALSE
"hsa-miR-6861-5p",0.135890685380736,9.56948795840386,8.20035658121342e-08,1.16385269186493e-07,FALSE
"hsa-miR-6749-3p",0.112868768804241,8.56185532635906,9.556324157543e-08,1.35277835476907e-07,FALSE
"hsa-miR-2110",0.131093030514085,8.51169394581641,9.72307550213546e-08,1.37281765509426e-07,FALSE
"hsa-miR-30c-1-3p",-0.126790122695219,8.588100150582,1.17323965355484e-07,1.65223672141444e-07,FALSE
"hsa-miR-6877-5p",0.148135803604629,9.1941360476654,1.53798308223069e-07,2.16031128818486e-07,FALSE
"hsa-miR-1976",-0.130770836649075,8.42793520270664,1.55985225567536e-07,2.18539711913385e-07,FALSE
"hsa-miR-4459",-0.278695558294275,10.830202861475,2.52496747358319e-07,3.52848018744318e-07,FALSE
"hsa-miR-6845-3p",-0.131579357508055,8.582213402341,2.66108552184171e-07,3.70918570179983e-07,FALSE
"hsa-miR-6721-5p",-0.19321981528836,9.39970425262406,2.77868356350633e-07,3.8632207706912e-07,FALSE
"hsa-miR-3154",0.108322573232358,8.94743957414854,2.85431585273936e-07,3.95827516474033e-07,FALSE
"hsa-miR-6784-5p",-0.473374341423565,12.8874091442193,2.98229416267676e-07,4.12525461588536e-07,FALSE
"hsa-miR-4697-5p",-0.168213984510546,9.97662559838437,3.00613784825436e-07,4.1477091830345e-07,FALSE
"hsa-miR-6511a-5p",-0.146003566844211,9.38298183400964,3.6597497220052e-07,5.0367767638708e-07,FALSE
"hsa-miR-92b-5p",0.289812857798446,9.88445265001017,3.94280697891365e-07,5.4126695302467e-07,FALSE
"hsa-miR-1908-3p",-0.1713001109385,8.42100954838515,5.77317246447134e-07,7.90547485712784e-07,FALSE
"hsa-miR-6858-5p",0.145509444964972,10.3481820632627,6.27887498710903e-07,8.57640819041208e-07,FALSE
"hsa-miR-1236-5p",-0.134491350537432,8.54650387161461,6.92058171870245e-07,9.42929259173209e-07,FALSE
"hsa-miR-7110-5p",-0.210105855716087,9.09454613028379,7.37354444057709e-07,1.00214007982906e-06,FALSE
"hsa-miR-6763-5p",-0.148387319498825,9.38916976506588,8.39636659907082e-07,1.13831338221234e-06,FALSE
"hsa-miR-1273f",0.124994358303059,8.61151931010872,8.6467779790153e-07,1.16935334951944e-06,FALSE
"hsa-miR-484",-0.114947015909645,8.60302550103601,1.36225641603099e-06,1.83769739291309e-06,FALSE
"hsa-miR-7111-3p",0.0946987387227907,8.5988325822855,1.52663414195713e-06,2.05435952436206e-06,FALSE
"hsa-miR-636",-0.121495292594972,8.52867814633492,1.72303386336622e-06,2.3129395456517e-06,FALSE
"hsa-miR-6730-3p",-0.127518299517811,8.41153239813013,1.80511632248616e-06,2.41717050554043e-06,FALSE
"hsa-miR-4640-5p",-0.147601255723308,9.79668125623428,1.86703614915646e-06,2.49395760120164e-06,FALSE
"hsa-miR-6807-5p",-0.112706759504005,8.68553879757574,2.08879130339136e-06,2.783352714788e-06,FALSE
"hsa-miR-583",0.0982096061441649,8.47118125916801,2.18196123362714e-06,2.90041188372388e-06,FALSE
"hsa-miR-346",-0.121024895916952,8.30939732102558,3.45865608856246e-06,4.5862957865366e-06,FALSE
"hsa-miR-3151-3p",0.108889180713154,8.51755203554599,3.97803319319434e-06,5.26220410264786e-06,FALSE
"hsa-miR-3195",-0.15796915358118,10.0061640231046,4.03106447626754e-06,5.31944343720535e-06,FALSE
"hsa-miR-1915-5p",0.112058584568808,8.34308059173506,9.53288163271207e-06,1.25493248546572e-05,FALSE
"hsa-miR-6812-5p",0.120530552844354,8.47753399965019,1.32789895932804e-05,1.74386730803321e-05,FALSE
"hsa-miR-5008-5p",0.12817155203743,8.62192152623571,1.44762672596476e-05,1.89653020589134e-05,FALSE
"hsa-miR-4462",-0.107160056302992,8.50346126131981,1.46914677415912e-05,1.9201078942847e-05,FALSE
"hsa-miR-4731-5p",0.106093131683446,8.75994178834291,2.09171039124355e-05,2.72723005556874e-05,FALSE
"hsa-miR-4497",-0.251987663913093,13.7559765348313,3.61766670695177e-05,4.70555693386327e-05,FALSE
"hsa-miR-6813-3p",-0.109512953294124,8.42941717724647,3.71031573676347e-05,4.81457637270497e-05,FALSE
"hsa-miR-3621",-0.28677780643613,12.2971665870961,3.88024670705681e-05,5.02312222172438e-05,FALSE
"hsa-miR-6802-3p",0.100423085840916,8.27685144353344,4.40220834578583e-05,5.6853164655291e-05,FALSE
"hsa-miR-6780b-5p",-0.219762739992646,11.2575441641875,4.56185975502806e-05,5.87757344323947e-05,FALSE
"hsa-miR-23a-5p",0.0757574134794533,8.58529415596701,5.70043127845605e-05,7.32720529895883e-05,FALSE
"hsa-miR-6846-5p",-0.092705115377133,8.68638287013979,5.94247097334257e-05,7.62034513052165e-05,FALSE
"hsa-miR-198",-0.102404951232877,8.38766393772418,8.37823982775363e-05,0.000107186401552247,FALSE
"hsa-miR-6722-5p",0.0957556392227517,8.42423483139599,0.000144955439393243,0.000185013382832126,FALSE
"hsa-miR-3663-3p",0.171425735915544,13.2081017865297,0.0001774165436087,0.000225915925856873,FALSE
"hsa-miR-8052",-0.100138498133096,8.45938055618967,0.000185124313082372,0.000235181236899517,FALSE
"hsa-miR-1237-5p",0.351465247221226,12.7210012863693,0.000194895862535359,0.000247019174608768,FALSE
"hsa-miR-765",0.0791267888442385,8.30878670648557,0.000218940883016161,0.000276851000565679,FALSE
"hsa-miR-1273e",0.0898200502202947,8.51111185395048,0.000260106626052381,0.000328143775922565,FALSE
"hsa-miR-3173-3p",-0.0828238993555919,8.32562864560474,0.000264044896352019,0.000332342883399193,FALSE
"hsa-miR-4448",0.122032047314819,8.80113378314092,0.00027725086582988,0.000348160649486831,FALSE
"hsa-miR-4648",-0.0989111008708283,8.54630486574218,0.000291742624994561,0.000365516622119623,FALSE
"hsa-miR-7112-5p",0.0745087689081473,8.63846328699974,0.000319633091118075,0.000399541363897593,FALSE
"hsa-miR-4632-5p",0.118262823272406,10.4893719761495,0.000345429812017224,0.000430799193476858,FALSE
"hsa-miR-4487",-0.088602906252985,8.30060110204642,0.000351066913968842,0.000436829835874473,FALSE
"hsa-miR-6794-5p",-0.095457649856243,10.1966445943102,0.000355269154062222,0.000441051683289091,FALSE
"hsa-miR-4728-5p",0.0949095534615406,9.51527499235736,0.00046174279816763,0.000571931420457632,FALSE
"hsa-miR-6822-5p",0.0942161418940504,8.38976899238062,0.000491861474677053,0.000607856017458036,FALSE
"hsa-miR-5088-5p",0.0810450343258616,8.27567349652101,0.000642916281666006,0.000792736139158311,FALSE
"hsa-miR-342-5p",0.0932941762801982,8.37730910351964,0.00076134239493419,0.000936640192413394,FALSE
"hsa-miR-4685-3p",-0.0870950710251113,8.44709223868396,0.000791050902732348,0.000970997166642184,FALSE
"hsa-miR-4738-3p",0.0942448225466655,8.32635998939135,0.000838782090220851,0.00102727244757385,FALSE
"hsa-miR-2861",-0.259559477392682,13.0961134054156,0.000841815635321876,0.0010286760566153,FALSE
"hsa-miR-4792",-0.0824256278276428,8.80958800947369,0.00125120708450163,0.00152552094195389,FALSE
"hsa-miR-30b-3p",0.0815961266005244,8.31483039859331,0.0014000181936641,0.00170314713291727,FALSE
"hsa-miR-3918",-0.0685190854721586,8.60401967241727,0.0016105255928285,0.00195486959485865,FALSE
"hsa-miR-4463",-0.22193256473129,11.6144509465456,0.00193860965168087,0.00234787168925795,FALSE
"hsa-miR-5195-3p",0.0885447674526319,8.87323837527004,0.00204835367741994,0.00247528326872255,FALSE
"hsa-miR-6511a-3p",0.0791236383621663,8.36352133176259,0.00207306575199969,0.00249960361690228,FALSE
"hsa-miR-6858-3p",0.0727839527894552,8.4341841863856,0.00238242582585502,0.0028662738964481,FALSE
"hsa-miR-1207-5p",0.0901916714437202,9.33327584514095,0.0027054350123229,0.00324771383637881,FALSE
"hsa-miR-6775-5p",-0.0991184652925899,10.5579118927073,0.00357356672725933,0.00428042607990403,FALSE
"hsa-miR-6726-5p",-0.152631064592068,10.4386230499783,0.00431344523708356,0.00515532380309329,FALSE
"hsa-miR-873-3p",0.0597048920244015,8.37191750090708,0.00439800985558487,0.00524489140326861,FALSE
"hsa-miR-6810-5p",0.0644844118162932,8.4334613763427,0.00447425648198587,0.00532416983118406,FALSE
"hsa-miR-6756-5p",0.0844195179411106,10.1974649224469,0.00465355375881128,0.00552546143475413,FALSE
"hsa-miR-6826-5p",0.0708121797344847,9.05242433565861,0.00485140811663435,0.00574786396427331,FALSE
"hsa-miR-1225-3p",0.0643468571628474,8.88012865379577,0.00569403293274511,0.00673155737168348,FALSE
"hsa-miR-296-3p",0.0790571639277988,8.59393912875108,0.00697198419884965,0.0082245268146603,FALSE
"hsa-miR-6511b-5p",0.0720904009030607,8.38105520632724,0.00701605143386053,0.00825863505713605,FALSE
"hsa-miR-6877-3p",0.0635027879134393,8.56123794893546,0.00710313715500106,0.00834312446007667,FALSE
"hsa-miR-4274",-0.0603778521208053,8.54275020534071,0.00880392557848498,0.0103185794414501,FALSE
"hsa-miR-5001-5p",0.0594001097043034,10.1298469900561,0.00987882028440793,0.0115535559120222,FALSE
"hsa-miR-6790-5p",-0.0523423542107978,8.63658470424049,0.0114133911376592,0.0133196962955551,FALSE
"hsa-miR-6862-3p",0.070174857057809,8.45564883612077,0.0114973026522452,0.0133889528749437,FALSE
"hsa-miR-3713",0.0555059855282449,8.28067076454797,0.0120915437661566,0.0140509410502247,FALSE
"hsa-miR-4695-5p",0.0845436294224267,9.82507258160907,0.0129057504715314,0.0149651787382651,FALSE
"hsa-miR-4513",0.0605945779048461,8.61727936812046,0.0140075047067787,0.0162082591617715,FALSE
"hsa-miR-6732-3p",-0.0745723628563161,8.3232769016858,0.0141889960732384,0.016383480635413,FALSE
"hsa-miR-139-3p",0.0633288024754289,8.343784083882,0.014275788299166,0.0164488469831828,FALSE
"hsa-miR-4769-3p",0.0685841936098499,8.2563772850118,0.0148918464548641,0.0171224816833353,FALSE
"hsa-miR-3187-3p",-0.0689793269195146,8.506276174963,0.0149435999061419,0.0171458146291522,FALSE
"hsa-miR-92a-3p",0.0711721263284682,8.58745550574391,0.0187438759590876,0.0214609504153419,FALSE
"hsa-miR-1233-3p",-0.0526012044662448,8.43768877667178,0.0214049789086157,0.024456422442758,FALSE
"hsa-miR-4417",0.137694382421808,9.23172658351786,0.0238040324797072,0.0271405809653566,FALSE
"hsa-miR-6889-5p",-0.109240156752671,9.31059115023038,0.0239349587317654,0.0272328862396913,FALSE
"hsa-miR-4508",0.166114884250474,13.918426451072,0.0241658974989581,0.0274383627852754,FALSE
"hsa-miR-1199-5p",0.0740782888916483,8.37860182784997,0.0254068719248721,0.028787412056248,FALSE
"hsa-miR-6859-3p",0.0616682053426134,8.29531713225015,0.027458432667139,0.0310473979327609,FALSE
"hsa-miR-6759-5p",0.0554660333899033,8.3397066684888,0.0281142285942852,0.0317230943765744,FALSE
"hsa-miR-423-5p",0.0639782521362448,9.32376376494805,0.0289148732678073,0.0325591031631302,FALSE
"hsa-miR-345-3p",-0.0557924508139651,8.5626799562697,0.0336900307620171,0.0378578696191738,FALSE
"hsa-miR-365a-5p",-0.0454964103141853,9.06489372851019,0.0450191366484052,0.0504844227847342,FALSE
"hsa-miR-210-5p",-0.0527162500166692,8.49145060755188,0.0462326805054076,0.0517388313664212,FALSE
"hsa-miR-4725-3p",-0.111743862001069,10.7737228195159,0.0463525151455733,0.0517666408900358,FALSE
"hsa-miR-6515-3p",-0.0505239579981038,9.1357783004865,0.0474788044537119,0.0529160499535235,FALSE
"hsa-miR-4450",-0.0643437806315224,8.54726975409868,0.0480928273896624,0.0534910018925837,FALSE
"hsa-miR-6816-5p",-0.176749068451632,10.737841995584,0.0523911208190575,0.0581530770802166,FALSE
"hsa-miR-7155-5p",0.0418927322610944,8.72740970050455,0.0538147629488584,0.0596118817218045,FALSE
"hsa-miR-4488",-0.165044240069889,13.8182372030947,0.0594561667673775,0.0657274054527804,FALSE
"hsa-miR-663a",-0.0984672733509754,11.8064332566026,0.0687012852543682,0.0757939280640297,FALSE
"hsa-miR-6861-3p",-0.0466189785749446,8.48003051491894,0.0720285995197312,0.0793042156328354,FALSE
"hsa-miR-6511b-3p",-0.0458691979508945,8.41114490885074,0.0851145732399448,0.0935230693866329,FALSE
"hsa-miR-6804-3p",-0.0455705639007846,8.4106264416592,0.0861612638517014,0.0944826736401957,FALSE
"hsa-miR-4442",0.0784765653478491,10.645640983387,0.0944728946431852,0.103389011205895,FALSE
"hsa-miR-6741-5p",0.0342429467589352,9.56317208815745,0.116849820926413,0.127621547905601,FALSE
"hsa-miR-197-3p",0.0302535083487031,8.46301517635736,0.118153301358512,0.128787098480778,FALSE
"hsa-miR-4665-3p",-0.029331276019941,8.4836211154199,0.128484130061007,0.139768165435627,FALSE
"hsa-miR-5100",0.0987889008639803,9.9547107766022,0.131833915180491,0.143126461699936,FALSE
"hsa-miR-6779-5p",-0.0393856744982401,9.51408711540375,0.134039808384802,0.145231999144567,FALSE
"hsa-miR-125b-1-3p",-0.0428522020555171,8.35734393171891,0.135482471118394,0.146503862618105,FALSE
"hsa-miR-766-3p",0.0288979541664111,8.52913332064872,0.168441297249397,0.181783182180042,FALSE
"hsa-miR-6825-3p",0.0337446061578223,8.48009923453057,0.188643158292356,0.203182848358367,FALSE
"hsa-miR-5196-5p",-0.0314769161619607,8.72245965218702,0.189244480896675,0.203428485382027,FALSE
"hsa-miR-4758-5p",-0.0384221645298917,10.3489818937078,0.209251715008005,0.224492489526304,FALSE
"hsa-miR-874-5p",-0.0311436784875175,8.36375183614483,0.211986199141046,0.226979329139234,FALSE
"hsa-miR-6827-5p",-0.0346691705212444,8.24943159116951,0.217002628196878,0.231894965426075,FALSE
"hsa-miR-4665-5p",0.0591389800804836,10.3616939566776,0.238921907122413,0.254818863760695,FALSE
"hsa-miR-449b-3p",-0.0253471150570675,8.20560285365175,0.245218411149833,0.261023504055975,FALSE
"hsa-miR-7109-5p",-0.0342209417049743,9.64727024635532,0.292270419940677,0.310501713192337,FALSE
"hsa-miR-4276",0.0284923900836583,8.4271882616079,0.296562205016374,0.31444825240063,FALSE
"hsa-miR-6894-5p",-0.0253182401310799,8.70983309419283,0.311299523351788,0.329433476168397,FALSE
"hsa-miR-7109-3p",0.0265567473092416,8.42425790909234,0.349590689556935,0.369238228311104,FALSE
"hsa-miR-668-3p",-0.0175322110963445,8.28206761690388,0.368514436724796,0.388472665406217,FALSE
"hsa-miR-208a-5p",-0.0221514250161018,8.55025654068772,0.401226273929446,0.422139612531946,FALSE
"hsa-miR-6802-5p",-0.0205773560388403,10.4539156317249,0.450923149800439,0.47351274882705,FALSE
"hsa-miR-6132",0.0297852098596062,10.3512553551527,0.492206468103312,0.515870240608279,FALSE
"hsa-miR-4535",-0.00898393348852444,8.33829755305785,0.494283716611751,0.517053024094826,FALSE
"hsa-miR-532-3p",0.0138619674630347,8.42572648162394,0.497463172834284,0.51938204826568,FALSE
"hsa-miR-4484",-0.055737197101752,11.7173249510057,0.530778308729031,0.55310550336008,FALSE
"hsa-miR-557",0.0233474657782501,8.75533962380184,0.545473413661034,0.567333989399358,FALSE
"hsa-miR-6124",-0.0152944538693063,9.62485299423825,0.549953504564112,0.570904114261793,FALSE
"hsa-miR-6815-5p",0.014696704065443,8.32677244194997,0.563334067583773,0.583682636564936,FALSE
"hsa-miR-4419a",-0.0140671520229591,8.50647705411559,0.571321219863697,0.590835037619952,FALSE
"hsa-miR-877-3p",0.0128515656341822,8.43722252619025,0.57718834311181,0.595772058704425,FALSE
"hsa-miR-5006-5p",-0.0166994369479938,8.33595006765692,0.585369271282802,0.603074201983227,FALSE
"hsa-miR-3185",-0.0141295915590011,9.23533555621422,0.591069834349565,0.607798225887761,FALSE
"hsa-miR-6782-5p",0.0153263591690448,8.95413016007565,0.598768064075567,0.614554792695261,FALSE
"hsa-miR-6860",-0.0177912317708422,8.46962369553625,0.61525156368413,0.630285906405735,FALSE
"hsa-miR-5739",0.0119047041057507,9.23698271600546,0.618714910628726,0.632644702237628,FALSE
"hsa-miR-6731-5p",0.00852277437916529,8.46413284773868,0.646497058146855,0.659814413277221,FALSE
"hsa-miR-6789-5p",0.0199175763194444,10.7946869741835,0.687340193617456,0.700187673871988,FALSE
"hsa-miR-6743-5p",0.0213981996691597,10.8753221304455,0.734043206008213,0.746368558347903,FALSE
"hsa-miR-4525",-0.0114029305418513,10.2025555527631,0.743603965397362,0.754681864323207,FALSE
"hsa-miR-6729-3p",0.0051107689262498,8.77264371879108,0.797234498973679,0.807607438551404,FALSE
"hsa-miR-6752-5p",0.0210988326635693,11.5265692779447,0.806302461729904,0.815277999337287,FALSE
"hsa-miR-6749-5p",0.0103579864253455,11.228887154932,0.821337913966293,0.828942894651166,FALSE
"hsa-miR-6089",-0.0192768591212828,14.3360621182747,0.831212411635821,0.83735815959616,FALSE
"hsa-miR-5787",0.0106190342815552,13.8390299041179,0.896731647727459,0.901695107032224,FALSE
"hsa-miR-6848-5p",-0.00051097092364245,8.78830187868897,0.96145897715058,0.965000262517617,FALSE
"hsa-miR-1234-3p",0.00234221080634208,8.50262063657431,0.965098554398697,0.966872632623695,FALSE
"hsa-miR-128-2-5p",-0.00122876637264636,12.1237822127035,0.981288875118866,0.981288875118866,FALSE
