mirna,mean_cancer,mean_healthy,log2_fold_change,p_value,rank,fdr,significant
hsa-miR-1908-5p,7.2253,10.6065,-3.3812,0.0,1,0.0,True
hsa-miR-6875-5p,5.5944,7.6009,-2.0065,0.0,2,0.0,True
hsa-miR-3141,4.5194,6.6273,-2.1079,0.0,3,0.0,True
hsa-miR-125a-3p,2.9338,5.6539,-2.7201,0.0,4,0.0,True
hsa-miR-1254,3.5717,5.5317,-1.9601,0.0,5,0.0,True
hsa-miR-1909-3p,5.2999,7.2607,-1.9608,0.0,6,0.0,True
hsa-miR-6805-3p,4.2182,6.2872,-2.069,0.0,7,0.0,True
hsa-miR-575,4.121,6.6508,-2.5298,0.0,8,0.0,True
hsa-miR-6806-5p,3.8382,5.7278,-1.8896,0.0,9,0.0,True
hsa-miR-483-3p,3.5766,5.1307,-1.5541,0.0,10,0.0,True
hsa-miR-8071,4.0697,6.3789,-2.3091,0.0,11,0.0,True
hsa-miR-3616-3p,3.3721,5.293,-1.9209,0.0,12,0.0,True
hsa-miR-135a-3p,2.7312,5.4929,-2.7618,0.0,13,0.0,True
hsa-miR-486-3p,4.3963,7.0577,-2.6613,0.0,14,0.0,True
hsa-miR-6842-5p,3.9828,5.678,-1.6952,0.0,15,0.0,True
hsa-miR-4486,4.48,6.5115,-2.0315,0.0,16,0.0,True
hsa-miR-3622a-3p,3.1345,4.8773,-1.7427,0.0,17,0.0,True
hsa-miR-486-5p,2.9133,5.1516,-2.2383,0.0,18,0.0,True
hsa-miR-1910-5p,2.8528,4.8965,-2.0437,0.0,19,0.0,True
hsa-miR-4271,3.886,6.8101,-2.9241,0.0,20,0.0,True
hsa-miR-150-3p,2.7483,5.1003,-2.352,0.0,21,0.0,True
hsa-miR-887-3p,3.9252,6.0523,-2.1271,0.0,22,0.0,True
hsa-miR-1202,3.756,6.1899,-2.4339,0.0,23,0.0,True
hsa-miR-1203,3.7708,5.4239,-1.653,0.0,24,0.0,True
hsa-miR-4707-3p,3.9394,5.9286,-1.9892,0.0,25,0.0,True
hsa-miR-3652,3.4107,5.3734,-1.9627,0.0,26,0.0,True
hsa-miR-3646,2.8115,4.7862,-1.9747,0.0,27,0.0,True
hsa-miR-498,3.7909,5.6594,-1.8685,0.0,28,0.0,True
hsa-miR-494-3p,3.4196,5.0762,-1.6566,0.0,29,0.0,True
hsa-miR-1913,3.6648,5.7071,-2.0422,0.0,30,0.0,True
hsa-miR-491-5p,3.5275,5.3509,-1.8234,0.0,31,0.0,True
hsa-miR-5090,3.7724,6.0618,-2.2894,0.0,32,0.0,True
hsa-miR-3180-3p,4.9538,7.5862,-2.6324,0.0,33,0.0,True
hsa-miR-671-5p,4.0096,5.7088,-1.6992,1.4e-322,34,2.22e-321,True
hsa-miR-1181,3.0405,5.0686,-2.0281,9.5e-322,35,1.4773e-320,True
hsa-miR-711,4.9528,6.9066,-1.9538,1.354e-321,36,2.0494e-320,True
hsa-miR-3131,4.0109,6.0563,-2.0453,2.026e-321,37,2.9837e-320,True
hsa-miR-1914-5p,3.1433,4.8724,-1.7291,2.332e-320,38,3.3446e-319,True
hsa-miR-1193,3.1204,5.1726,-2.0522,3.002e-320,39,4.195e-319,True
hsa-miR-1228-5p,5.9465,9.895,-3.9485,4.3675e-320,40,5.95077e-319,True
hsa-miR-187-5p,4.448,6.4624,-2.0144,2.23416e-319,41,2.969804e-318,True
hsa-miR-4746-3p,3.9548,5.7672,-1.8124,3.2984e-319,42,4.28004e-318,True
hsa-miR-3122,3.5197,5.0347,-1.515,1.029517e-317,43,1.3048532e-316,True
hsa-miR-4481,3.496,5.2139,-1.7179,1.2246623e-317,44,1.51691122e-316,True
hsa-miR-6774-5p,4.237,5.8259,-1.5889,2.7764375e-317,45,3.36257427e-316,True
hsa-miR-484,3.5737,5.1028,-1.5291,3.6037812e-316,46,4.269697317e-315,True
hsa-miR-4467,6.8171,8.9079,-2.0908,1.656321817e-315,47,1.9206284903e-314,True
hsa-miR-6800-5p,4.4973,7.0933,-2.596,2.54292337e-315,48,2.887277576e-314,True
hsa-miR-3162-5p,4.6997,6.2832,-1.5835,1.3762689181857e-311,49,1.53074808247186e-310,True
hsa-miR-128-1-5p,3.9301,5.7405,-1.8104,4.979304905603e-311,50,5.4274423471073e-310,True
hsa-miR-564,3.0793,5.0232,-1.944,7.568609922739e-311,51,8.08802432920124e-310,True
hsa-miR-3614-5p,2.7582,4.7748,-2.0166,1.33784410100843e-310,52,1.40216352894153e-309,True
hsa-miR-3184-5p,4.0051,5.9699,-1.9649,1.799838596991934e-309,53,1.850777425208687e-308,True
hsa-miR-3622a-5p,3.7524,5.3583,-1.6059,1.7715478289714377e-307,54,1.787951049610062e-306,True
hsa-miR-718,3.4044,5.3958,-1.9915,3.2725325935764843e-307,55,3.2427822972712435e-306,True
hsa-miR-4449,4.0601,5.6818,-1.6217,3.8376681288275334e-306,56,3.734873446805367e-305,True
hsa-miR-373-5p,3.6908,5.3133,-1.6225,3.7005448529609527e-305,57,3.538240254146876e-304,True
hsa-miR-3147,2.9924,4.9749,-1.9825,1.1853486898408689e-304,58,1.1138190275228853e-303,True
hsa-miR-2392,3.887,5.4489,-1.5619,7.360926967210742e-300,59,6.799500334118397e-299,True
hsa-miR-25-5p,3.1067,4.8907,-1.7841,1.846482943455146e-298,60,1.6772220069717575e-297,True
hsa-miR-6851-5p,4.01,5.5731,-1.5631,3.6070283859879887e-298,61,3.22267290223517e-297,True
hsa-miR-4290,3.0271,4.8534,-1.8264,1.2774885687921633e-295,62,1.1229536612769822e-294,True
hsa-miR-4446-3p,4.7777,6.4152,-1.6375,7.928955449664782e-295,63,6.859175746138581e-294,True
hsa-miR-198,3.3179,4.842,-1.5241,1.0292201415454827e-293,64,8.764452767848251e-293,True
hsa-miR-3610,3.3937,5.0067,-1.613,1.275619028795107e-293,65,1.069557493374359e-292,True
hsa-miR-615-5p,3.6718,5.2429,-1.5711,1.1160583864883701e-289,66,9.21593667630548e-289,True
hsa-miR-5698,3.8124,5.5221,-1.7097,2.7911502280999438e-288,67,2.2704132452454768e-287,True
hsa-miR-4436b-5p,3.2916,5.0087,-1.7171,1.7285489727138361e-286,68,1.3853811619544715e-285,True
hsa-miR-572,3.2053,4.7377,-1.5324,2.5959164458709323e-286,69,2.0503977724632727e-285,True
hsa-miR-3679-5p,4.9437,6.5568,-1.6131,4.660889577999304e-286,70,3.628835457156601e-285,True
hsa-miR-636,3.4633,4.9972,-1.5338,1.2730752198966184e-285,71,9.772197110474042e-285,True
hsa-miR-4279,3.63,5.0689,-1.4388,1.5612080891287492e-284,72,1.1817477896877338e-283,True
hsa-miR-23a-5p,3.7489,5.0121,-1.2632,1.8587526467068745e-281,73,1.3876988937743106e-280,True
hsa-miR-4323,3.3356,4.8629,-1.5273,1.9689558348654419e-280,74,1.450109364867116e-279,True
hsa-miR-583,3.6804,4.8914,-1.211,4.279199297902448e-280,75,3.1095514898091124e-279,True
hsa-miR-4716-5p,2.8519,4.9036,-2.0517,4.563578500410907e-280,76,3.272566161478874e-279,True
hsa-miR-2276-3p,3.2057,4.7707,-1.565,3.536773888307085e-278,77,2.503300998866703e-277,True
hsa-miR-4530,5.8298,8.0072,-2.1774,5.584671353375692e-278,78,3.902110112294554e-277,True
hsa-miR-8089,4.1187,5.7725,-1.6538,1.4580732612245143e-277,79,1.0058859840093169e-276,True
hsa-miR-550a-5p,3.6948,5.4352,-1.7404,2.7746748398519665e-277,80,1.890247234649152e-276,True
hsa-miR-4722-3p,3.396,4.9792,-1.5832,2.180269976005978e-275,81,1.466971773979331e-274,True
hsa-miR-675-3p,3.3729,4.9565,-1.5836,1.6711826997442293e-274,82,1.110725087025128e-273,True
hsa-miR-30c-1-3p,3.6165,5.035,-1.4185,2.4706885704799053e-274,83,1.6223196035078896e-273,True
hsa-miR-6824-5p,4.0821,5.7898,-1.7076,3.678684108273877e-274,84,2.386765284534837e-273,True
hsa-miR-6737-5p,4.4008,5.789,-1.3882,6.838405519013475e-274,85,4.384624715132169e-273,True
hsa-miR-3135b,4.4177,6.1682,-1.7506,1.2032400798265363e-273,86,7.625184226807701e-273,True
hsa-miR-7108-5p,6.1422,7.8334,-1.6912,2.7091419149888368e-273,87,1.6971061421481794e-272,True
hsa-miR-7846-3p,3.946,5.4026,-1.4566,7.150296474157305e-272,88,4.428308611836059e-271,True
hsa-miR-4673,2.6174,4.7346,-2.1173,1.1362099172129835e-268,89,6.957689942484e-268,True
hsa-miR-6813-5p,3.659,5.186,-1.527,2.303842767842927e-267,90,1.3951047871937724e-266,True
hsa-miR-3173-3p,3.309,4.7539,-1.4449,3.2573869188794203e-267,91,1.9508526052629496e-266,True
hsa-miR-1233-3p,3.5153,4.8489,-1.3336,7.77080745880406e-267,92,4.6033587663567536e-266,True
hsa-miR-4483,3.0479,4.7931,-1.7451,4.0558681746297366e-266,93,2.376825973304523e-265,True
hsa-miR-1288-3p,3.3828,4.8985,-1.5157,5.139293704890725e-261,94,2.979696882090899e-260,True
hsa-miR-4655-5p,4.8616,6.4573,-1.5957,1.0211989912362159e-259,95,5.858457370776186e-259,True
hsa-miR-4741,5.6947,7.6857,-1.991,1.7211433296695838e-259,96,9.771074111145033e-259,True
hsa-miR-4534,4.1084,6.1302,-2.0217,1.7682598435726302e-258,97,9.935068193268902e-258,True
hsa-miR-6075,5.2595,6.7555,-1.496,9.408833793203128e-258,98,5.2324636911180666e-257,True
hsa-miR-483-5p,3.3539,5.0926,-1.7387,1.1368191441562086e-257,99,6.258246803688219e-257,True
hsa-miR-1231,4.0686,5.5608,-1.4922,2.9286515121832865e-257,100,1.5961150741398912e-256,True
hsa-miR-6836-3p,4.1857,6.2125,-2.0268,1.05400008285303e-256,101,5.687426189652489e-256,True
hsa-miR-197-3p,3.5708,4.8722,-1.3015,2.5756438810210623e-255,102,1.376201877604391e-254,True
hsa-miR-6729-3p,3.9227,5.1903,-1.2675,3.546682497803321e-253,103,1.8766426808765145e-252,True
hsa-miR-3928-3p,3.781,5.4183,-1.6372,4.015830934990817e-253,104,2.1044498649711492e-252,True
hsa-miR-24-3p,3.357,4.9667,-1.6098,3.1874094048098017e-252,105,1.6544172624965161e-251,True
hsa-miR-7112-5p,3.8527,5.078,-1.2253,7.043167830382222e-252,106,3.621251384488973e-251,True
hsa-miR-1249-3p,1.3878,3.9514,-2.5636,4.702599185185089e-251,107,2.395249117687732e-250,True
hsa-miR-6894-5p,3.8633,5.1647,-1.3013,4.881182096675035e-251,108,2.463189113599902e-250,True
hsa-miR-4270,5.0603,6.7127,-1.6523,1.0882957535370021e-250,109,5.44147876768501e-250,True
hsa-miR-4721,3.4624,5.0238,-1.5614,1.3641621272362586e-250,110,6.758803266761463e-250,True
hsa-miR-6807-5p,3.6673,5.1303,-1.463,4.484008228878831e-249,111,2.201607643908976e-248,True
hsa-miR-3918,3.6957,5.0416,-1.3458,9.916011913533597e-249,112,4.825202225781974e-248,True
hsa-miR-760,4.9039,6.4025,-1.4986,7.931208889067012e-248,113,3.825229065965949e-247,True
hsa-miR-6790-5p,3.7255,5.0838,-1.3584,1.1269064358341647e-247,114,5.387403574821226e-247,True
hsa-miR-6730-3p,3.2713,4.8376,-1.5663,6.154763163652913e-247,115,2.916822542774641e-246,True
hsa-miR-370-3p,4.22,5.2394,-1.0195,6.9891482528073e-246,116,3.2836946532586018e-245,True
hsa-miR-4722-5p,3.9365,5.368,-1.4315,1.0033568726132315e-245,117,4.6737563724291555e-245,True
hsa-miR-6829-5p,3.7071,5.2313,-1.5242,1.6461646293930457e-245,118,7.603048500162796e-245,True
hsa-miR-1236-5p,3.5358,4.9195,-1.3838,1.0937842170379528e-244,119,5.00934788475365e-244,True
hsa-miR-4656,4.6124,6.1996,-1.5872,1.4530866723935007e-244,120,6.599435303787149e-244,True
hsa-miR-766-3p,3.7217,4.9487,-1.227,4.7514005135332297e-244,121,2.1400936197319095e-243,True
hsa-miR-346,3.2348,4.7014,-1.4666,1.107594615214231e-243,122,4.947861190916033e-243,True
hsa-miR-6510-5p,4.2937,5.7882,-1.4945,1.2382059547643947e-243,123,5.486359718265001e-243,True
hsa-miR-7111-3p,3.8193,5.0172,-1.198,6.754817523739279e-243,124,2.9688512503531513e-242,True
hsa-miR-4747-3p,3.4462,4.9114,-1.4652,2.735701250062443e-242,125,1.1927657450272251e-241,True
hsa-miR-668-3p,3.3522,4.6651,-1.313,8.427069985485188e-241,126,3.64504217626145e-240,True
hsa-miR-4792,3.8961,5.2008,-1.3047,6.043434827288338e-240,127,2.5934425046237355e-239,True
hsa-miR-6785-5p,5.1145,6.886,-1.7715,1.140790740887241e-237,128,4.8572730764339557e-237,True
hsa-miR-328-3p,4.0776,5.0558,-0.9781,2.2211406645079938e-237,129,9.383888853929121e-237,True
hsa-miR-504-3p,3.5282,5.1662,-1.638,3.0441335977279346e-237,130,1.276194469816711e-236,True
hsa-miR-7155-5p,3.9088,5.1786,-1.2698,6.605954834394918e-236,131,2.7482789196528476e-235,True
hsa-miR-6771-5p,5.3453,7.2221,-1.8768,1.3709976868157144e-235,132,5.6605586311709415e-235,True
hsa-miR-4685-3p,3.3895,4.8621,-1.4727,6.260002919899672e-233,133,2.5651891664250536e-232,True
hsa-miR-4731-3p,3.8304,4.9885,-1.1582,6.330055333566471e-233,134,2.5745374304430797e-232,True
hsa-miR-4274,3.6263,4.9516,-1.3253,2.2935601573640018e-232,135,9.25918730195097e-232,True
hsa-miR-1234-3p,3.6444,4.8887,-1.2442,2.5668798647057092e-232,136,1.0286393575475086e-231,True
hsa-miR-3180,4.8113,6.8662,-2.0549,1.9261039873261864e-231,137,7.66223848972826e-231,True
hsa-miR-7845-5p,4.1543,5.7286,-1.5743,3.0991422593540464e-231,138,1.2239366169188084e-230,True
hsa-miR-937-5p,4.7113,6.3644,-1.6531,5.0536944815809625e-231,139,1.9814845269508093e-230,True
hsa-miR-6731-5p,3.2014,4.8068,-1.6055,8.562971886443618e-230,140,3.3334426272226944e-229,True
hsa-miR-6803-3p,3.1797,4.7662,-1.5865,3.965383857703769e-229,141,1.5327192925167048e-228,True
hsa-miR-6845-3p,3.5655,4.9761,-1.4106,5.7685841493940956e-229,142,2.2139988460702693e-228,True
hsa-miR-6820-5p,4.2694,6.0839,-1.8144,1.836199775018054e-228,143,6.998104037656219e-228,True
hsa-miR-4487,3.2358,4.6845,-1.4487,2.250907257767687e-228,144,8.519058718634648e-228,True
hsa-miR-6846-5p,3.6949,5.1186,-1.4237,1.491567217954594e-227,145,5.606235405415543e-227,True
hsa-miR-6810-5p,3.5769,4.8369,-1.26,3.5209023155458123e-227,146,1.3143094260085396e-226,True
hsa-miR-5193,3.0251,4.6191,-1.5941,3.751097545688808e-227,147,1.390713035646531e-226,True
hsa-miR-4298,3.7091,5.2768,-1.5677,1.72023318443259e-226,148,6.334642469701092e-226,True
hsa-miR-6813-3p,3.4042,4.7928,-1.3886,4.348901537203096e-226,149,1.590705595822609e-225,True
hsa-miR-6716-5p,3.8943,5.4114,-1.5171,2.0495152976031917e-225,150,7.446572247958263e-225,True
hsa-miR-6861-3p,3.5308,4.8603,-1.3295,2.5184950466058543e-225,151,9.089932452981395e-225,True
hsa-miR-877-3p,3.5821,4.8379,-1.2559,1.6023559613977215e-224,152,5.745289466853672e-224,True
hsa-miR-6515-3p,4.1789,5.5892,-1.4103,2.5079444912066145e-223,153,8.933527762794803e-223,True
hsa-miR-6732-5p,4.8079,6.6447,-1.8369,4.1853654563772915e-223,154,1.4811845283932622e-222,True
hsa-miR-4419a,3.5745,4.908,-1.3335,4.58667852993452e-223,155,1.6127353540737506e-222,True
hsa-miR-371b-5p,3.2351,4.7819,-1.5468,6.423650042490136e-222,156,2.244159790485336e-221,True
hsa-miR-1225-3p,4.1112,5.2793,-1.1681,7.181235345995822e-222,157,2.492849212463518e-221,True
hsa-miR-6858-3p,3.5249,4.8172,-1.2923,8.795701549521115e-222,158,3.033960344613296e-221,True
hsa-miR-1228-3p,3.4647,5.1524,-1.6877,1.2587452435881735e-221,159,4.3145670299091484e-221,True
hsa-miR-6831-5p,3.1369,4.6768,-1.5399,4.161509354657083e-221,160,1.4175141239300688e-220,True
hsa-miR-1915-3p,4.6211,7.6714,-3.0503,2.2254709084667377e-220,161,7.533426367170013e-220,True
hsa-miR-6726-3p,3.1028,4.6665,-1.5637,2.6662256974593194e-220,162,8.969709908119316e-220,True
hsa-miR-3713,3.4018,4.6695,-1.2677,3.791272340240077e-220,163,1.267634003331805e-219,True
hsa-miR-4688,4.3299,5.8447,-1.5148,4.228049581432893e-219,164,1.4050530621225162e-218,True
hsa-miR-6804-3p,3.4714,4.7723,-1.3008,4.669283411267483e-219,165,1.54227846008532e-218,True
hsa-miR-4462,3.4513,4.9041,-1.4529,8.396555065600683e-219,166,2.756700307682152e-218,True
hsa-miR-7114-5p,4.3914,6.0404,-1.649,1.5232564248617084e-218,167,4.971106296704377e-218,True
hsa-miR-4648,3.4072,4.9018,-1.4946,1.8503815873207932e-218,168,6.002725982677573e-218,True
hsa-miR-6893-3p,3.6852,4.8462,-1.161,2.668697777262846e-218,169,8.606155553894978e-218,True
hsa-miR-4667-5p,3.8386,5.2911,-1.4525,5.357735150451947e-218,170,1.7176268570566533e-217,True
hsa-miR-3187-3p,3.5487,4.8509,-1.3022,1.415081863629891e-217,171,4.510056232036787e-217,True
hsa-miR-1229-5p,4.7964,6.3731,-1.5767,2.3313270634863565e-217,172,7.387053776744559e-217,True
hsa-miR-4281,5.3911,8.798,-3.4069,2.618058316253215e-217,173,8.247640360450879e-217,True
hsa-miR-5006-5p,3.3298,4.7088,-1.379,8.901146027025675e-217,174,2.7880026349017202e-216,True
hsa-miR-1343-5p,4.9317,7.6769,-2.7452,4.1028316014271973e-216,175,1.2777389844444701e-215,True
hsa-miR-4665-3p,3.5271,4.8871,-1.36,5.711116329995945e-216,176,1.768499090822608e-215,True
hsa-miR-6827-5p,3.1985,4.6253,-1.4268,7.725476187234578e-216,177,2.378748317538331e-215,True
hsa-miR-365a-5p,4.1551,5.517,-1.3619,1.586171174440894e-215,178,4.856535337473524e-215,True
hsa-miR-6815-5p,3.3704,4.6917,-1.3213,2.1052426518748837e-214,179,6.409817012691685e-214,True
hsa-miR-3151-3p,3.7282,4.8718,-1.1436,4.935109139031955e-214,180,1.4942413782068973e-213,True
hsa-miR-532-3p,3.5393,4.7983,-1.259,6.636353257504252e-213,181,1.9982389642761422e-212,True
hsa-miR-4730,4.4055,6.7381,-2.3326,7.753216294674911e-213,182,2.3217048794493552e-212,True
hsa-miR-5739,4.4211,5.682,-1.261,1.0131892578957371e-212,183,3.0174215603998727e-212,True
hsa-miR-642a-3p,4.9506,6.2634,-1.3128,1.695026270392686e-212,184,5.020594116108772e-212,True
hsa-miR-5010-5p,2.8497,4.8354,-1.9857,1.7893518734114544e-212,185,5.271333897347258e-212,True
hsa-miR-765,3.4826,4.688,-1.2054,1.9141501586465708e-212,186,5.608665787432156e-212,True
hsa-miR-3937,4.8057,6.6028,-1.7972,3.515036977939636e-212,187,1.024435910682942e-211,True
hsa-miR-873-3p,3.5188,4.7664,-1.2476,5.603268398300802e-212,188,1.6243517431244346e-211,True
hsa-miR-3648,6.7082,10.092,-3.3837,6.862792457240499e-212,189,1.9789533805270223e-211,True
hsa-miR-422a,4.4705,5.573,-1.1025,1.7204454760973296e-210,190,4.9349620235423403e-210,True
hsa-miR-208a-5p,3.5989,4.919,-1.3201,7.027520916609513e-210,191,2.0052350259435522e-209,True
hsa-miR-6511b-3p,3.4211,4.7502,-1.3291,1.0362953054889586e-208,192,2.9415674036014706e-208,True
hsa-miR-6769b-5p,3.7285,5.3581,-1.6297,2.050800763300453e-207,193,5.791121326418377e-207,True
hsa-miR-6782-5p,4.0655,5.3805,-1.315,2.3409078029777547e-207,194,6.576261611458125e-207,True
hsa-miR-6877-3p,3.7254,4.947,-1.2216,2.784818605240488e-207,195,7.78321097362085e-207,True
hsa-miR-6860,3.5672,4.8182,-1.251,8.988661113586879e-207,196,2.49939811576778e-206,True
hsa-miR-6749-3p,3.7864,4.9462,-1.1598,1.5293761900381246e-206,197,4.231015348075015e-206,True
hsa-miR-7109-3p,3.5144,4.8173,-1.3029,5.661972573450006e-206,198,1.5584722487526532e-205,True
hsa-miR-1273e,3.6944,4.8848,-1.1904,1.252249407425832e-205,199,3.429527271593359e-205,True
hsa-miR-6809-3p,3.5007,4.6694,-1.1686,5.725628090092595e-205,200,1.5602336545502321e-204,True
hsa-miR-345-3p,3.5778,4.9348,-1.357,1.2619364395600236e-204,201,3.421668455523447e-204,True
hsa-miR-6511a-5p,4.3167,5.7788,-1.4621,3.427094949398724e-203,202,9.246370036744082e-203,True
hsa-miR-8052,3.3978,4.8116,-1.4138,7.907194238060181e-203,203,2.1228674185925115e-202,True
hsa-miR-5572,3.229,5.0187,-1.7896,4.301775026942207e-202,204,1.1492487204330896e-201,True
hsa-miR-6792-5p,4.0342,5.173,-1.1388,8.248161364030376e-202,205,2.192803874827588e-201,True
hsa-miR-6722-5p,3.565,4.7931,-1.228,1.2193490782653348e-201,206,3.22594780414858e-201,True
hsa-miR-4749-5p,5.311,6.7197,-1.4087,1.6290781287397004e-201,207,4.2891187447494524e-201,True
hsa-miR-1227-5p,6.1959,8.0133,-1.8174,3.8764525473489435e-201,208,1.0157051145697952e-200,True
hsa-miR-6732-3p,3.2862,4.645,-1.3588,4.1941274162083e-201,209,1.093683943461016e-200,True
hsa-miR-6741-3p,3.7115,4.8444,-1.1329,5.876159810191707e-201,210,1.525003379311657e-200,True
hsa-miR-296-3p,3.5549,4.9486,-1.3937,8.917538480476995e-201,211,2.303345247326996e-200,True
hsa-miR-1976,3.3641,4.8024,-1.4384,1.2775952256214206e-200,212,3.284383952658841e-200,True
hsa-miR-6779-5p,4.64,5.9312,-1.2913,2.237964741461368e-200,213,5.726247812659369e-200,True
hsa-miR-125b-1-3p,3.402,4.645,-1.243,5.764428008872451e-200,214,1.4680435816988251e-199,True
hsa-miR-6801-3p,3.7036,4.8116,-1.108,3.7290771824563463e-199,215,9.45277704390097e-199,True
hsa-miR-1914-3p,4.5506,5.8753,-1.3247,3.739313210576914e-198,216,9.434841202613047e-198,True
hsa-miR-92a-3p,3.3748,4.9439,-1.5691,2.1305927123017454e-197,217,5.351027779744015e-197,True
hsa-miR-4276,3.5548,4.752,-1.1972,1.6783986874698053e-196,218,4.195996718674513e-196,True
hsa-miR-5001-5p,5.3942,6.5579,-1.1636,2.606618658089165e-196,219,6.4867907244684705e-196,True
hsa-miR-6885-3p,3.6755,4.7654,-1.0899,8.616077567292872e-196,220,2.1344373973520976e-195,True
hsa-miR-874-5p,3.2905,4.6938,-1.4033,2.2126979950408933e-195,221,5.456653426684556e-195,True
hsa-miR-139-3p,3.3893,4.6647,-1.2754,5.82975329263164e-195,222,1.4311781731911007e-194,True
hsa-miR-3675-3p,3.8835,4.8858,-1.0023,1.1824394471903442e-194,223,2.889818379904653e-194,True
hsa-miR-6759-5p,3.3599,4.6703,-1.3104,1.8026766378499228e-194,224,4.3859766411973567e-194,True
hsa-miR-4726-5p,4.4198,5.5434,-1.1237,5.3227485681508736e-194,225,1.289287986507656e-193,True
hsa-miR-6763-5p,4.3826,5.7321,-1.3495,7.222716725840838e-194,226,1.7417613343288746e-193,True
hsa-miR-6825-3p,3.57,4.8196,-1.2496,1.1221194526665865e-193,227,2.694075337899954e-193,True
hsa-miR-602,3.0658,4.4914,-1.4256,5.951386728084093e-193,228,1.4225902485990485e-192,True
hsa-miR-6802-3p,3.3455,4.6215,-1.276,3.128662955850518e-192,229,7.445944589251233e-192,True
hsa-miR-6870-5p,4.4168,5.9545,-1.5377,3.4044055326222887e-192,230,8.066960935996293e-192,True
hsa-miR-6511b-5p,3.4696,4.7368,-1.2673,3.543351329666539e-192,231,8.359854868693782e-192,True
hsa-miR-6741-5p,4.7601,5.9996,-1.2395,4.620165580246368e-192,232,1.0853406212216684e-191,True
hsa-miR-210-5p,3.4722,4.8209,-1.3487,1.3433100312680098e-191,233,3.142077111764229e-191,True
hsa-miR-4758-3p,4.0993,5.0717,-0.9724,1.489046116307394e-191,234,3.468077493109101e-191,True
hsa-miR-4433a-3p,1.5438,4.0262,-2.4825,9.457702460855877e-191,235,2.193382060070831e-190,True
hsa-miR-6835-5p,3.7595,4.8182,-1.0587,1.264253451999366e-190,236,2.919568353134129e-190,True
hsa-miR-6840-3p,5.4175,6.9317,-1.5142,2.0647099548534243e-190,237,4.747961710527916e-190,True
hsa-miR-4485-5p,1.5239,3.7156,-2.1917,1.1444547589391931e-188,238,2.620705225301934e-188,True
hsa-miR-6761-3p,3.8239,4.8024,-0.9785,1.8065671442852732e-187,239,4.1195777976379665e-187,True
hsa-miR-6722-3p,5.1974,6.8669,-1.6696,2.4195289055975016e-187,240,5.494346889794327e-187,True
hsa-miR-6511a-3p,3.4173,4.6829,-1.2655,2.8152944433464374e-187,241,6.366537226654806e-187,True
hsa-miR-30b-3p,3.3304,4.6034,-1.273,2.95308393382724e-186,242,6.65054026419771e-186,True
hsa-miR-4476,3.803,5.3232,-1.5201,5.630983079689041e-186,243,1.2629159582018632e-185,True
hsa-miR-342-5p,3.3842,4.7248,-1.3406,1.641266831162384e-185,244,3.665944356489751e-185,True
hsa-miR-449b-3p,3.2043,4.5413,-1.337,1.7316384970736216e-185,245,3.8520121669596886e-185,True
hsa-miR-3620-5p,5.048,6.406,-1.3579,2.001677527765837e-185,246,4.434610783058461e-185,True
hsa-miR-4763-5p,3.8308,4.8965,-1.0657,2.5454732967117247e-185,247,5.6165301486149393e-185,True
hsa-miR-6797-3p,3.4978,4.6375,-1.1398,8.295814347353492e-185,248,1.8230721045595373e-184,True
hsa-miR-8064,3.6733,4.6832,-1.0098,2.1597084999386328e-184,249,4.727072821150822e-184,True
hsa-miR-637,4.1467,4.9604,-0.8137,2.9243469091259285e-184,250,6.375076261894525e-184,True
hsa-miR-4634,5.0575,6.6968,-1.6393,5.3389549582563e-184,251,1.159255160258838e-183,True
hsa-miR-4525,4.8418,6.4179,-1.5761,9.156713058833278e-184,252,1.980320879787356e-183,True
hsa-miR-4478,3.76,4.9046,-1.1446,9.65805575187817e-184,253,2.0804902706615026e-183,True
hsa-miR-3154,4.2304,5.2998,-1.0694,8.946799283401778e-183,254,1.9196872478165232e-182,True
hsa-miR-1247-3p,4.3456,5.4525,-1.1069,1.0986382041990041e-182,255,2.3480698874057146e-182,True
hsa-miR-4535,3.345,4.6585,-1.3135,4.208206967566218e-182,256,8.95887811454527e-182,True
hsa-miR-6762-5p,5.107,6.2734,-1.1665,6.150112157466455e-182,257,1.3042066637428864e-181,True
hsa-miR-4738-3p,3.4036,4.6436,-1.24,1.079668632436472e-181,258,2.2806953669685166e-181,True
hsa-miR-6826-5p,4.194,5.4255,-1.2315,6.869943537413877e-181,259,1.445605879494426e-180,True
hsa-miR-6794-5p,5.2632,6.6035,-1.3403,1.9777680952710037e-180,260,4.14570619970268e-180,True
hsa-miR-6127,3.4976,4.7128,-1.2152,4.124077203423318e-180,261,8.611578834734514e-180,True
hsa-miR-6799-5p,4.8741,6.7456,-1.8715,9.922433610649566e-180,262,2.06401767855115e-179,True
hsa-miR-4743-5p,3.8958,4.8216,-0.9258,1.5490165834294723e-179,263,3.209939307867158e-179,True
hsa-miR-3619-3p,4.3402,5.8476,-1.5074,2.8787392872534262e-179,264,5.942851937701202e-179,True
hsa-miR-5196-5p,3.7042,5.0598,-1.3557,4.313205461400036e-178,265,8.870554628162338e-178,True
hsa-miR-6880-5p,3.9957,5.5219,-1.5262,4.869237082286827e-178,266,9.9764443979185e-178,True
hsa-miR-6754-3p,3.6823,4.7058,-1.0235,5.226520592285032e-178,267,1.0668366002978812e-177,True
hsa-miR-1915-5p,3.5095,4.6376,-1.1281,6.096545361076984e-178,268,1.2397825454428943e-177,True
hsa-miR-6822-5p,3.4765,4.7103,-1.2337,2.099676163875556e-176,269,4.253990740937465e-176,True
hsa-miR-3188,4.6821,5.6656,-0.9835,2.445074186110235e-176,270,4.9354275238151044e-176,True
hsa-miR-4513,3.6937,4.97,-1.2763,3.835814949844352e-176,271,7.714092795812441e-176,True
hsa-miR-6819-5p,4.5297,6.1154,-1.5857,5.9666033932439756e-176,272,1.1955142828374877e-175,True
hsa-miR-6777-3p,3.9812,4.9493,-0.9681,1.2516710719827091e-175,273,2.4987572682438697e-175,True
hsa-miR-6845-5p,5.9754,7.6031,-1.6277,1.9685121886323911e-175,274,3.9154713241045736e-175,True
hsa-miR-2110,3.725,4.8097,-1.0847,2.2327085181426283e-175,275,4.424822335955391e-175,True
hsa-miR-6124,4.6942,5.9753,-1.2811,8.290872389896731e-175,276,1.637146903077434e-174,True
hsa-miR-1587,3.6885,4.8085,-1.12,1.1420649549131823e-174,277,2.2470231062371274e-174,True
hsa-miR-8069,6.2286,9.6826,-3.454,9.046075417486976e-173,278,1.7734212599030223e-172,True
hsa-miR-6862-3p,3.544,4.7669,-1.2229,1.5108594780557727e-172,279,2.9513204858078715e-172,True
hsa-miR-4539,3.5383,4.7028,-1.1645,2.9026020039238426e-172,280,5.649707471923194e-172,True
hsa-miR-1237-3p,4.0267,4.9703,-0.9436,3.2081522283264114e-172,281,6.222216955294997e-172,True
hsa-miR-4435,3.3163,4.7763,-1.46,6.159964799378337e-172,282,1.1904896509436857e-171,True
hsa-miR-1273f,3.756,4.9528,-1.1968,7.062399207380527e-172,283,1.3600733455909496e-171,True
hsa-miR-1236-3p,3.9065,4.8177,-0.9112,7.184829389219779e-172,284,1.3787788792692886e-171,True
hsa-miR-6859-3p,3.3363,4.5967,-1.2604,9.012598793322234e-172,285,1.7234618745124973e-171,True
hsa-miR-3679-3p,4.2619,5.2702,-1.0083,1.0135128239706475e-171,286,1.9313443673566536e-171,True
hsa-miR-5088-5p,3.4076,4.5656,-1.158,6.189161791806566e-171,287,1.1752937897333025e-170,True
hsa-miR-4640-5p,4.7926,6.0983,-1.3057,2.744184070491484e-169,288,5.192987216728676e-169,True
hsa-miR-4707-5p,4.7,6.1067,-1.4067,3.1901485480763003e-169,289,6.016024078552193e-169,True
hsa-miR-5096,3.6287,4.7382,-1.1095,5.772443906680005e-169,290,1.08482135487607e-168,True
hsa-miR-574-3p,3.644,4.6737,-1.0297,7.18585140571984e-169,291,1.3458037856073239e-168,True
hsa-miR-4731-5p,3.9235,5.127,-1.2035,4.157444790588485e-168,292,7.759614420790153e-168,True
hsa-miR-6893-5p,4.7999,6.2246,-1.4247,2.5598740578669357e-166,293,4.7615404830630723e-166,True
hsa-miR-6763-3p,3.6281,4.7014,-1.0733,1.4670824603335945e-165,294,2.7195916356524114e-165,True
hsa-miR-6891-5p,4.4297,5.7733,-1.3435,5.098087173257333e-165,295,9.418500031949989e-165,True
hsa-miR-4769-3p,3.2525,4.529,-1.2765,1.7458977944681923e-164,296,3.214575331030962e-164,True
hsa-miR-625-3p,3.4571,4.6038,-1.1467,1.9841153005498713e-163,297,3.640884979123501e-163,True
hsa-miR-3197,5.3817,7.7005,-2.3188,2.546566050346128e-163,298,4.657310394089395e-163,True
hsa-miR-4787-5p,8.8669,11.0836,-2.2166,2.5608064611066262e-163,299,4.667690706699369e-163,True
hsa-miR-6754-5p,3.9203,4.7691,-0.8488,2.896571699750004e-162,300,5.262105254545841e-162,True
hsa-miR-6802-5p,5.4939,6.8438,-1.3499,9.135103695852426e-160,301,1.654030403401851e-159,True
hsa-miR-6892-5p,3.611,4.6562,-1.0452,1.8155350653768168e-159,302,3.2763795053985605e-159,True
hsa-miR-6766-5p,4.0946,5.131,-1.0364,2.9498453480422527e-159,303,5.305827441198111e-159,True
hsa-miR-4492,5.488,7.5856,-2.0975,1.368392806604661e-158,304,2.4532042092090138e-158,True
hsa-miR-4728-5p,4.6081,5.8921,-1.284,9.485652613340942e-158,305,1.6949772702527257e-157,True
hsa-miR-4728-3p,3.6812,4.7703,-1.0891,1.2481364564417946e-156,306,2.222988133205157e-156,True
hsa-miR-3175,3.8059,4.7994,-0.9935,3.244961690825179e-156,307,5.760599744298771e-156,True
hsa-miR-1199-5p,3.4313,4.6518,-1.2205,1.6016448325384556e-154,308,2.834079330303436e-154,True
hsa-miR-6865-3p,4.0006,4.8601,-0.8595,5.219707840188125e-154,309,9.206280818454784e-154,True
hsa-miR-4448,3.8505,5.0129,-1.1623,2.687642454874272e-152,310,4.725048831956381e-152,True
hsa-miR-1249-5p,2.1442,4.5377,-2.3935,3.7161569873153864e-152,311,6.512236521179696e-152,True
hsa-miR-940,4.2964,5.2197,-0.9233,9.851296555578538e-152,312,1.7208194303815075e-151,True
hsa-miR-4505,6.0173,7.4584,-1.4411,4.9563966283675145e-151,313,8.630147483898707e-151,True
hsa-miR-874-3p,3.8687,4.7762,-0.9075,6.307649347268005e-151,314,1.0947990109111665e-150,True
hsa-miR-1275,3.0272,4.8053,-1.778,1.8007660818186876e-150,315,3.115611157432333e-150,True
hsa-miR-6769a-3p,3.9082,4.7772,-0.869,2.2384131567932078e-150,316,3.8605543368743615e-150,True
hsa-miR-7109-5p,4.7001,5.9591,-1.259,3.1351291329886855e-150,317,5.390048509396952e-150,True
hsa-miR-1908-3p,3.2024,4.5673,-1.365,1.646261393295377e-149,318,2.821422828132014e-149,True
hsa-miR-4433a-5p,1.7397,3.6805,-1.9408,4.97184976424386e-149,319,8.494226086247346e-149,True
hsa-miR-6812-5p,3.5023,4.7737,-1.2714,8.266222053070526e-147,320,1.4078409434135739e-146,True
hsa-miR-6766-3p,3.8558,4.8397,-0.9839,1.2489945279832663e-146,321,2.1205670334918384e-146,True
hsa-miR-3194-5p,3.5735,4.5617,-0.9882,2.264750319262354e-146,322,3.833195416142804e-146,True
hsa-miR-320a,3.7116,4.7696,-1.058,2.0807386401925798e-145,323,3.510843835619059e-145,True
hsa-miR-6861-5p,4.7695,5.9273,-1.1578,2.3341211253398576e-145,324,3.926222263303155e-145,True
hsa-miR-4651,6.8301,8.5574,-1.7273,1.2372428334522482e-144,325,2.0747610591737702e-144,True
hsa-miR-6850-5p,6.8579,8.9085,-2.0506,1.5987821136355873e-144,326,2.672810588746611e-144,True
hsa-miR-5195-3p,3.9588,5.1667,-1.2079,2.5245838670857388e-144,327,4.207639778476231e-144,True
hsa-miR-6165,3.9887,4.9226,-0.9339,1.3505906022072756e-143,328,2.2441215798870887e-143,True
hsa-miR-5008-5p,3.5934,4.9436,-1.3502,1.5046950664550228e-143,329,2.492579973306953e-143,True
hsa-miR-6825-5p,3.7779,5.2367,-1.4588,2.3892512760195274e-143,330,3.9458846831231587e-143,True
hsa-miR-6750-3p,3.4571,4.552,-1.095,7.668810015521436e-143,331,1.2626892623743754e-142,True
hsa-miR-6805-5p,5.7484,8.1131,-2.3646,1.1779947190571934e-142,332,1.9337563912234046e-142,True
hsa-miR-3917,4.0427,4.9829,-0.9403,1.539579761005859e-142,333,2.5197326418864658e-142,True
hsa-miR-4687-3p,5.748,7.3923,-1.6443,3.688521782200525e-142,334,6.018695722452953e-142,True
hsa-miR-6890-5p,3.9488,4.7271,-0.7783,4.3362158699400826e-142,335,7.054440743633866e-142,True
hsa-miR-4758-5p,5.3061,6.6894,-1.3833,6.799255569384501e-142,336,1.1028554420579027e-141,True
hsa-miR-4697-5p,4.8583,6.2504,-1.3921,7.182677245671723e-141,337,1.1615902370596702e-140,True
hsa-miR-6798-3p,3.4236,4.5289,-1.1053,1.204640656050004e-140,338,1.942393957240391e-140,True
hsa-miR-7160-5p,3.6642,4.5988,-0.9345,2.4415532753152193e-140,339,3.9252110178371524e-140,True
hsa-miR-8072,8.0269,10.5602,-2.5332,5.1739635464675955e-139,340,8.293559214190704e-139,True
hsa-miR-6808-5p,4.2236,5.6723,-1.4487,6.889076529695016e-139,341,1.1010400905231038e-138,True
hsa-miR-4450,3.5461,4.6969,-1.1508,3.0348954202591627e-138,342,4.83630995333697e-138,True
hsa-miR-4750-5p,4.0907,5.135,-1.0443,4.0684974981356547e-137,343,6.46452226380155e-137,True
hsa-miR-1470,3.8007,4.7229,-0.9223,2.877493647292315e-136,344,4.558819877250906e-136,True
hsa-miR-197-5p,5.1981,6.1391,-0.9411,3.72975690875677e-136,345,5.891934826876636e-136,True
hsa-miR-4429,4.1917,5.1966,-1.0049,7.995617586010343e-135,346,1.2594253134033632e-134,True
hsa-miR-6776-5p,3.5282,4.58,-1.0518,3.7295497472204647e-134,347,5.857650179352026e-134,True
hsa-miR-939-3p,3.6495,4.5646,-0.915,8.143567433658761e-134,348,1.2753575434896622e-133,True
hsa-miR-4646-3p,3.2833,4.4024,-1.119,1.8567040366921003e-131,349,2.8994375358085806e-131,True
hsa-miR-665,4.7031,5.5839,-0.8808,4.61849521865655e-131,350,7.191656840479484e-131,True
hsa-miR-1229-3p,3.7766,4.6975,-0.9209,7.91246148914054e-130,351,1.2285730802226765e-129,True
hsa-miR-6746-5p,4.7024,5.5192,-0.8168,8.045669754923338e-130,352,1.2457073910321645e-129,True
hsa-miR-3195,5.0706,6.1587,-1.0882,4.9757968555804774e-129,353,7.682179281278641e-129,True
hsa-miR-4516,7.3482,10.2841,-2.9358,1.64509905684414e-126,354,2.5327089999436623e-126,True
hsa-miR-6821-5p,5.2765,6.8412,-1.5647,2.0311303614355003e-126,355,3.1182142168516834e-126,True
hsa-miR-4685-5p,3.7538,4.6125,-0.8587,2.7332076602970425e-126,356,4.1842645361289e-126,True
hsa-miR-6515-5p,3.7201,4.6858,-0.9657,4.328553088644235e-126,357,6.608015219358845e-126,True
hsa-miR-4294,6.2767,7.9735,-1.6968,1.6557378611216038e-124,358,2.5206065204225532e-124,True
hsa-miR-149-3p,5.9819,7.4774,-1.4954,2.7232528575684694e-123,359,4.134186092966061e-123,True
hsa-miR-6775-5p,5.4528,6.8164,-1.3635,3.5058578640053665e-123,360,5.307479266341457e-123,True
hsa-miR-4763-3p,5.1136,6.7346,-1.621,3.4830778868079224e-122,361,5.258386283408083e-122,True
hsa-miR-6756-5p,5.2613,6.511,-1.2497,8.956852180877588e-122,362,1.3484763642481452e-121,True
hsa-miR-6886-3p,3.5615,4.5626,-1.0011,1.5359883628128936e-120,363,2.3060982306694958e-120,True
hsa-miR-6729-5p,7.6084,9.8964,-2.288,7.546441523919818e-120,364,1.1298930303671156e-119,True
hsa-miR-4646-5p,3.5218,4.62,-1.0981,1.8017544159568837e-119,365,2.6902908402643884e-119,True
hsa-miR-7851-3p,3.7311,4.6867,-0.9556,2.4831784587231926e-118,366,3.6976291256943716e-118,True
hsa-miR-3185,3.9528,5.4378,-1.485,2.4210232716690007e-116,367,3.595252542396745e-116,True
hsa-miR-920,3.9039,4.7155,-0.8116,4.8807912531622936e-116,368,7.22834574177568e-116,True
hsa-miR-6765-5p,6.4229,8.1824,-1.7595,6.867038559640866e-116,369,1.0142374024401822e-115,True
hsa-miR-3151-5p,3.5774,4.5326,-0.9552,3.9458485054887453e-115,370,5.81212820403072e-115,True
hsa-miR-8073,4.2704,5.1953,-0.9249,6.089226399229386e-115,371,8.94508999347713e-115,True
hsa-miR-6795-5p,4.0775,4.9999,-0.9224,3.830844546104345e-114,372,5.612393219427065e-114,True
hsa-miR-6076,4.4067,5.6478,-1.2411,5.142197679937256e-114,373,7.51339875486811e-114,True
hsa-miR-629-3p,3.4908,4.5766,-1.0858,2.5945434600725877e-113,374,3.7808186784480226e-113,True
hsa-miR-4689,5.5865,6.8522,-1.2657,3.455335283521705e-113,375,5.021753945384878e-113,True
hsa-miR-6858-5p,5.5286,6.6259,-1.0973,8.453406553590937e-113,376,1.2252943009859205e-112,True
hsa-miR-7108-3p,3.8546,4.7071,-0.8525,5.856712246002417e-112,377,8.466599931223653e-112,True
hsa-miR-6738-5p,4.7669,5.5518,-0.7849,3.378555328199676e-111,378,4.871197497007469e-111,True
hsa-miR-6796-3p,3.7778,4.6701,-0.8923,1.2361667413716725e-110,379,1.7776012507851228e-110,True
hsa-miR-6797-5p,3.7634,4.737,-0.9737,2.605701525108014e-110,380,3.73712455574702e-110,True
hsa-miR-296-5p,5.0265,5.7911,-0.7646,4.769361867965709e-109,381,6.822315532916828e-109,True
hsa-miR-4723-5p,5.2162,6.3826,-1.1664,6.883025595718886e-109,382,9.820023428447102e-109,True
hsa-miR-6717-5p,3.8326,4.9339,-1.1013,6.933819094864731e-109,383,9.866661636295767e-109,True
hsa-miR-548q,3.6918,4.6068,-0.915,1.6620387804420258e-108,384,2.3588831649502707e-108,True
hsa-miR-6894-3p,3.7519,4.6363,-0.8843,9.714933764864811e-108,385,1.375230883597746e-107,True
hsa-miR-6790-3p,3.6881,4.5366,-0.8485,1.2545774075431915e-107,386,1.7713592930337808e-107,True
hsa-miR-6879-5p,5.5872,6.9002,-1.3131,3.5033749182524304e-107,387,4.9336933603296496e-107,True
hsa-miR-451a,3.6862,4.7658,-1.0795,5.129358116143251e-106,388,7.20489735386101e-106,True
hsa-miR-557,3.7812,4.8893,-1.1081,5.135871408635467e-106,389,7.195501073795192e-106,True
hsa-miR-4736,3.7751,4.8368,-1.0618,1.925650714553602e-104,390,2.69097343444029e-104,True
hsa-miR-6781-5p,6.0266,7.6383,-1.6117,7.885514798034956e-104,391,1.0991318580381204e-103,True
hsa-miR-4515,3.7442,4.6884,-0.9442,4.058166436131833e-103,392,5.642093642071043e-103,True
hsa-miR-7847-3p,4.2179,5.2531,-1.0352,4.2715580407545617e-103,393,5.923661914023502e-103,True
hsa-miR-1207-5p,4.474,5.5247,-1.0507,8.070169919001132e-102,394,1.116305229912593e-101,True
hsa-miR-6765-3p,4.6188,5.4238,-0.805,3.414271510434524e-98,395,4.7108303118653556e-98,True
hsa-miR-423-5p,4.583,5.4724,-0.8894,1.019835524947295e-97,396,1.4035615179198882e-97,True
hsa-miR-6086,3.7387,4.5927,-0.854,1.361655312181283e-97,397,1.8692749247828698e-97,True
hsa-miR-6895-5p,3.8192,4.6878,-0.8687,1.4583952319306315e-97,398,1.997048747241694e-97,True
hsa-miR-6877-5p,4.4608,5.3702,-0.9093,2.665046628527976e-97,399,3.640226597864028e-97,True
hsa-miR-1343-3p,4.2169,4.9829,-0.7659,3.270764393690867e-95,400,4.456416486403806e-95,True
hsa-miR-4638-5p,3.6388,4.5366,-0.8978,1.1403792709670987e-94,401,1.5498920266261065e-94,True
hsa-miR-6756-3p,3.7917,4.5705,-0.7788,3.569506378588582e-94,402,4.839256160026808e-94,True
hsa-miR-4749-3p,3.7643,4.5586,-0.7942,1.5017742424204826e-93,403,2.0309353898738536e-93,True
hsa-miR-4419b,4.3645,5.1306,-0.7662,4.205722597507092e-92,404,5.673561424854864e-92,True
hsa-miR-7113-3p,3.7171,4.6202,-0.903,5.0337403884387536e-92,405,6.773798794318816e-92,True
hsa-miR-211-3p,4.4257,5.253,-0.8273,6.436975353869897e-92,406,8.640767408519935e-92,True
hsa-miR-7106-5p,3.9026,4.799,-0.8964,1.980277730499165e-91,407,2.6517232509141157e-91,True
hsa-miR-4498,3.8557,4.6432,-0.7874,6.245742710375127e-91,408,8.342965140084422e-91,True
hsa-miR-1281,3.7863,4.5774,-0.791,1.6237422050144365e-90,409,2.163666263405545e-90,True
hsa-miR-4257,4.7279,5.426,-0.6981,6.358573545029168e-90,410,8.452250200099748e-90,True
hsa-miR-6778-5p,4.74,5.5327,-0.7927,1.5809772734070947e-88,411,2.0964297177782644e-88,True
hsa-miR-6721-5p,4.369,5.4232,-1.0542,1.8276407402376238e-87,412,2.4176315617220995e-87,True
hsa-miR-4706,5.081,6.0182,-0.9371,3.0671388972460116e-87,413,4.047435106535293e-87,True
hsa-miR-4723-3p,3.7674,4.5024,-0.735,1.7568722824177234e-86,414,2.312790806564394e-86,True
hsa-miR-4787-3p,3.8347,4.5716,-0.7369,2.0759287151898152e-85,415,2.726219638020359e-85,True
hsa-miR-92a-2-5p,4.1634,5.6195,-1.4561,7.807231960189555e-85,416,1.0228224563229105e-84,True
hsa-miR-6742-5p,3.7706,4.5635,-0.7929,8.687970572235976e-85,417,1.1354781683138147e-84,True
hsa-miR-7111-5p,4.5338,5.567,-1.0332,1.733694320139927e-84,418,2.2604387666896177e-84,True
hsa-miR-6792-3p,3.8253,4.5283,-0.703,2.2343948130070264e-84,419,2.9063130622645094e-84,True
hsa-miR-4710,3.5802,4.5979,-1.0177,2.849394929537027e-83,420,3.697429134756381e-83,True
hsa-miR-6125,7.8982,9.6335,-1.7353,9.036697192035793e-83,421,1.1698337220093841e-82,True
hsa-miR-328-5p,6.788,8.5515,-1.7635,4.716232644069676e-82,422,6.090869173028372e-82,True
hsa-miR-3158-5p,3.837,4.5838,-0.7468,1.1549031760933573e-79,423,1.4879958178980608e-79,True
hsa-miR-371a-5p,4.6671,5.3702,-0.7031,1.2904349568984181e-79,424,1.6586958762019762e-79,True
hsa-miR-663a,5.5777,7.5971,-2.0194,1.147083064818936e-78,425,1.4709653419442827e-78,True
hsa-miR-6887-5p,4.2935,5.1042,-0.8107,1.974405689154363e-77,426,2.5259415506787038e-77,True
hsa-miR-4472,3.6605,4.4752,-0.8147,9.133988194154652e-77,427,1.1658134814553361e-76,True
hsa-miR-6085,6.3837,7.7433,-1.3596,7.305988306601759e-76,428,9.303186044621398e-76,True
hsa-miR-6791-5p,5.6864,6.8912,-1.2048,7.589012358574473e-76,429,9.641052996324214e-76,True
hsa-miR-1268a,6.3402,7.9154,-1.5752,1.4125017069976176e-72,430,1.790263791427213e-72,True
hsa-miR-7641,4.1269,4.9848,-0.8579,1.68399494223631e-72,431,2.1294135580482341e-72,True
hsa-miR-1268b,6.1479,7.4114,-1.2635,2.367180707143894e-72,432,2.98637380878107e-72,True
hsa-miR-4745-5p,6.3407,8.4962,-2.1555,1.2947004133320874e-71,433,1.6295882800600177e-71,True
hsa-miR-6724-5p,5.7451,7.1951,-1.45,4.2220637084719775e-70,434,5.301900279071953e-70,True
hsa-miR-7110-5p,3.9124,4.9563,-1.0439,6.488690737257746e-69,435,8.129509084610278e-69,True
hsa-miR-4675,4.8312,5.6902,-0.859,7.172177051288639e-69,436,8.965221314110799e-69,True
hsa-miR-4690-5p,4.092,4.8421,-0.7501,3.176858136498836e-68,437,3.961985547807473e-68,True
hsa-miR-4632-5p,5.7128,6.5971,-0.8843,4.866212227629669e-67,438,6.054990100589429e-67,True
hsa-miR-6126,7.1892,8.6276,-1.4384,3.306999441353046e-64,439,4.105500445415513e-64,True
hsa-miR-6787-5p,5.3909,6.3425,-0.9517,1.2875451816944017e-63,440,1.594800281871475e-63,True
hsa-miR-638,8.9053,10.1386,-1.2333,1.5600612873245532e-62,441,1.927966897033745e-62,True
hsa-miR-762,7.5072,9.5202,-2.013,5.169714112508859e-60,442,6.374421247324272e-60,True
hsa-miR-4695-5p,5.0676,5.8527,-0.7851,1.8799750061894726e-59,443,2.3128360685626694e-59,True
hsa-miR-6798-5p,5.3218,6.8586,-1.5369,5.8012635938239685e-58,444,7.12092040232897e-58,True
hsa-miR-6800-3p,3.815,4.4691,-0.654,5.222532524713842e-57,445,6.396135339256278e-57,True
hsa-miR-6777-5p,4.1992,4.8468,-0.6476,3.8775744599703324e-55,446,4.7382916607260784e-55,True
hsa-miR-4322,3.9798,4.5327,-0.5529,4.7776517218721584e-54,447,5.825101092662923e-54,True
hsa-miR-6088,7.6582,6.1807,1.4775,5.715006975422611e-54,448,6.952408039297596e-54,True
hsa-miR-3665,7.8496,9.7389,-1.8892,3.075220849186248e-53,449,3.7327290931102564e-53,True
hsa-miR-4447,4.1556,4.8041,-0.6485,4.699416320952988e-53,450,5.691515322043063e-53,True
hsa-miR-3960,10.4316,11.9609,-1.5293,9.29419105629366e-53,451,1.1231339524789456e-52,True
hsa-miR-1185-1-3p,5.3267,6.0997,-0.773,1.3312188177586581e-52,452,1.6051200346868778e-52,True
hsa-miR-6087,7.2257,5.2164,2.0093,2.9994792340217764e-51,453,3.60864499457366e-51,True
hsa-miR-1237-5p,6.7643,4.708,2.0563,3.080650902937942e-51,454,3.698138198460746e-51,True
hsa-miR-128-2-5p,6.549,7.8767,-1.3277,1.0533860376104146e-50,455,1.2617481109839032e-50,True
hsa-miR-6726-5p,4.7871,6.0039,-1.2168,4.579573944944951e-50,456,5.473394298234645e-50,True
hsa-miR-3178,6.9561,8.2714,-1.3153,8.0071520923542355e-50,457,9.549010700947612e-50,True
hsa-miR-4430,3.8036,4.4836,-0.68,8.158351972902903e-49,458,9.708082587842975e-49,True
hsa-miR-4507,4.1356,4.7234,-0.5878,9.449336959578142e-48,459,1.1219800965076443e-47,True
hsa-miR-6803-5p,6.0915,7.5699,-1.4784,1.0012268532633286e-46,460,1.1862361631054653e-46,True
hsa-miR-6089,8.8625,6.964,1.8986,2.047838357529622e-46,461,2.4209802708321997e-46,True
hsa-miR-4739,6.2664,7.7552,-1.4888,2.709250896107178e-46,462,3.1959777886978613e-46,True
hsa-miR-744-5p,5.5348,6.209,-0.6742,3.125139699045556e-45,463,3.6786201641033e-45,True
hsa-miR-675-5p,4.4743,5.0199,-0.5456,1.7619849474501267e-44,464,2.0695728369834465e-44,True
hsa-miR-6757-5p,5.1873,5.8105,-0.6232,4.2311672015784733e-44,465,4.959109945936059e-44,True
hsa-miR-8059,5.6884,6.652,-0.9636,7.220172189048796e-43,466,8.444192796205136e-43,True
hsa-miR-1225-5p,4.5546,3.7192,0.8354,4.310998410534484e-42,467,5.03103668895352e-42,True
hsa-miR-642b-3p,6.1429,6.9087,-0.7659,2.2516278067145896e-41,468,2.62208793730652e-41,True
hsa-miR-4327,5.8118,6.5176,-0.7058,1.1356299595230908e-39,469,1.319655283454338e-39,True
hsa-miR-6780b-5p,5.6977,6.7824,-1.0847,2.8461221953595143e-37,470,3.300290630789224e-37,True
hsa-miR-6816-5p,4.816,3.4422,1.3738,2.395888079490949e-36,471,2.7723121089651107e-36,True
hsa-miR-6786-5p,8.0945,9.2946,-1.2,2.6813716460266565e-36,472,3.096075311619762e-36,True
hsa-miR-4454,5.9635,4.8282,1.1352,4.0534948649564386e-36,473,4.6705173391147126e-36,True
hsa-miR-6848-5p,3.6152,4.4222,-0.807,5.9784344856782494e-36,474,6.873938385431742e-36,True
hsa-miR-4674,5.2625,6.2959,-1.0334,2.3237970782070786e-35,475,2.6662513844691744e-35,True
hsa-miR-652-5p,3.9583,4.4858,-0.5275,5.26393691020518e-35,476,6.026986588365175e-35,True
hsa-miR-4508,8.9423,7.607,1.3352,1.5660157622738341e-34,477,1.78926329232545e-34,True
hsa-miR-6727-5p,5.5109,7.0913,-1.5804,1.0820714643863937e-33,478,1.2337425692271643e-33,True
hsa-miR-1273g-3p,4.6765,5.2334,-0.5569,1.4403293762313965e-33,479,1.6387881211818603e-33,True
hsa-miR-1260b,3.8898,4.7976,-0.9078,8.890254290321201e-33,480,1.009414289213553e-32,True
hsa-miR-4532,9.3246,8.2171,1.1075,9.395066121883094e-33,481,1.0645137289867538e-32,True
hsa-miR-4484,5.9102,4.5603,1.3499,7.488514308660391e-31,482,8.467303523277828e-31,True
hsa-miR-8063,5.156,5.7668,-0.6107,1.45495203364706e-30,483,1.6417160628108648e-30,True
hsa-miR-6132,5.3529,6.0788,-0.7259,1.9533593448392724e-30,484,2.19954719615166e-30,True
hsa-miR-3194-3p,3.9512,4.5493,-0.5981,4.9806732837656994e-30,485,5.596839050829497e-30,True
hsa-miR-6131,6.6989,5.8006,0.8984,1.3969722482572606e-28,486,1.5665635294242942e-28,True
hsa-miR-3656,5.521,6.7917,-1.2707,4.868962820461742e-26,487,5.44883929599928e-26,True
hsa-miR-4649-5p,7.1596,7.8248,-0.6651,5.949532342795132e-26,488,6.644457227097023e-26,True
hsa-miR-7975,5.1006,5.5932,-0.4927,9.88433745943205e-26,489,1.1016286125542877e-25,False
hsa-miR-4732-5p,4.514,4.8461,-0.3321,1.398843905284639e-25,490,1.555856996694139e-25,False
hsa-miR-4442,5.5917,6.3036,-0.7119,1.6179097798474491e-25,491,1.7958469043113233e-25,True
hsa-miR-4466,6.4003,7.7771,-1.3768,3.29352914543245e-25,492,3.64831988670871e-25,True
hsa-miR-7150,5.0172,4.3183,0.6989,3.945065118868347e-24,493,4.361177464063385e-24,True
hsa-miR-4783-3p,5.0774,4.6316,0.4459,8.287447239252192e-24,494,9.143033897555557e-24,False
hsa-miR-1238-5p,4.0644,4.5156,-0.4512,7.091267598473507e-23,495,7.807557254884972e-23,False
hsa-miR-5100,3.8593,4.8126,-0.9532,1.3845491292682048e-22,496,1.5213291843773622e-22,True
hsa-miR-6784-5p,6.716,5.5406,1.1755,1.0719687052513432e-20,497,1.1754988820160605e-20,True
hsa-miR-5787,7.9004,6.6487,1.2516,8.014494373542642e-19,498,8.770882396748474e-19,True
hsa-miR-4443,4.3026,4.7657,-0.4631,9.38256133250559e-19,499,1.024748682608326e-18,False
hsa-miR-4258,4.664,5.2731,-0.6091,9.70509822505848e-19,500,1.0578557065313744e-18,True
hsa-miR-6857-5p,3.4572,3.912,-0.4549,9.925695106447125e-19,501,1.0797412840346675e-18,False
hsa-miR-1260a,4.4791,4.7964,-0.3174,1.1889644317302973e-18,502,1.2908079985916574e-18,False
hsa-miR-3196,5.9419,7.015,-1.0731,5.129807633624818e-18,503,5.558141471820131e-18,True
hsa-miR-6889-5p,4.3642,4.8664,-0.5021,1.1893450275657672e-17,504,1.2860973016336174e-17,True
hsa-miR-7977,4.6751,5.2206,-0.5455,8.776147872889441e-17,505,9.471288298464842e-17,True
hsa-miR-3940-5p,6.6984,7.5853,-0.8868,8.904443381351608e-17,506,9.590754234854992e-17,True
hsa-miR-1469,7.3091,6.4988,0.8103,1.5730644604619878e-16,507,1.6909667277155492e-16,True
hsa-miR-4497,8.0577,8.9016,-0.8439,2.5163981974373495e-16,508,2.699679168510542e-16,True
hsa-miR-92b-5p,4.3489,5.0718,-0.723,3.3938566839089757e-16,509,3.6338936988809267e-16,True
hsa-miR-1185-2-3p,5.1093,5.4813,-0.372,4.1492260367172697e-16,510,4.433976843158651e-16,False
hsa-miR-6749-5p,6.2194,6.7865,-0.5671,7.773507939611475e-16,511,8.290727645965271e-16,True
hsa-miR-6752-5p,5.362,4.3765,0.9855,1.3398815470599776e-15,512,1.4262410998978278e-15,True
hsa-miR-4725-3p,5.4336,6.0624,-0.6288,2.634182661443834e-15,513,2.7984981490972504e-15,True
hsa-miR-663b,5.3321,5.7492,-0.4171,3.0138322273054723e-15,514,3.195600318835569e-15,False
hsa-miR-658,4.1778,4.4772,-0.2993,7.298109952791514e-14,515,7.723242571400728e-14,False
hsa-miR-4459,5.6687,6.1628,-0.4941,6.42043353240882e-12,516,6.78127185109071e-12,False
hsa-miR-614,5.6566,6.0795,-0.4228,8.775389536346027e-12,517,9.250652412589139e-12,False
hsa-miR-3663-3p,8.3929,8.8318,-0.4389,1.293434143525009e-11,518,1.3608525255234168e-11,False
hsa-miR-619-5p,3.8113,4.1763,-0.365,9.51142283787673e-11,519,9.987910301816605e-11,False
hsa-miR-6789-5p,5.708,6.1603,-0.4523,1.2576026461941274e-09,520,1.3180643118765375e-09,False
hsa-miR-6768-5p,5.3024,5.7652,-0.4628,1.3259436956571584e-08,521,1.3870236355722673e-08,False
hsa-miR-4708-3p,4.1137,4.4579,-0.3442,1.4011523048990138e-08,522,1.4628889007087405e-08,False
hsa-miR-939-5p,4.1557,3.8427,0.313,4.4190116590426045e-07,523,4.604897426726997e-07,False
hsa-miR-1233-5p,8.5714,8.1994,0.372,4.562591953106603e-07,524,4.745443920692937e-07,False
hsa-miR-4488,7.5273,6.8502,0.6771,1.8587350980643016e-06,525,1.929544054181037e-06,True
hsa-miR-1246,4.3948,4.6323,-0.2376,2.3800674216725583e-06,526,2.466039438805217e-06,False
hsa-miR-1307-3p,5.2063,5.3895,-0.1832,5.677714380206431e-06,527,5.871640108562628e-06,False
hsa-miR-6869-5p,8.4564,8.948,-0.4916,6.627199838120415e-06,528,6.840575590484141e-06,False
hsa-miR-6885-5p,7.1192,6.682,0.4371,6.633038574795896e-06,529,6.833659779326585e-06,False
hsa-miR-6090,9.5432,9.0396,0.5036,6.774598380443917e-06,530,6.966332296871576e-06,True
hsa-miR-7704,7.7303,7.1281,0.6022,1.3921830219068997e-05,531,1.4288884123149911e-05,True
hsa-miR-7107-5p,4.8793,4.6923,0.187,0.001078545170604068,532,0.0011049005977052952,False
hsa-miR-4734,9.4084,9.1489,0.2595,0.002570029957139605,533,0.002627891794823799,False
hsa-miR-4286,4.3515,4.2553,0.0962,0.008782081771478033,534,0.008962986077632075,False
hsa-miR-4665-5p,5.5123,5.6725,-0.1602,0.013287242518076869,535,0.01353560219131195,False
hsa-miR-885-3p,4.4052,4.4769,-0.0717,0.03835924027918121,536,0.03900333200028686,False
hsa-miR-4417,3.9359,4.0843,-0.1484,0.05688755211609727,537,0.057735038926020506,False
hsa-miR-4433b-3p,4.6719,4.7999,-0.128,0.06741848863101453,538,0.06829568086227308,False
hsa-miR-2861,7.1917,6.9906,0.2011,0.09452475866002848,539,0.09557698231858167,False
hsa-miR-3621,6.637,6.7908,-0.1537,0.12957259640459245,540,0.13077234266759796,False
hsa-miR-6743-5p,5.4798,5.6141,-0.1343,0.140141439627545,541,0.14117760553976347,False
hsa-miR-204-3p,7.1126,6.957,0.1556,0.23478288744995432,542,0.2360824237273526,False
hsa-miR-4463,5.8654,5.9826,-0.1171,0.2559489417467541,543,0.25689166344747877,False
hsa-miR-6769a-5p,4.5856,4.6232,-0.0376,0.3933975671451031,544,0.39412072443764923,False
hsa-miR-2467-3p,4.2769,4.3136,-0.0367,0.49254591717509355,545,0.49254591717509355,False
