mirna,mean_cancer,mean_healthy,log2FC,se,t_stat,df_welch,p_value,rank,fdr_bh,significant
hsa-miR-1908-5p,7.2253,10.6065,-3.3812,0.062624,-53.9923,2539.1,0.0,1,0.0,True
hsa-miR-6875-5p,5.5944,7.6009,-2.0065,0.043988,-45.6133,2798.8,0.0,2,0.0,True
hsa-miR-3141,4.5194,6.6273,-2.1079,0.044861,-46.9874,2532.5,0.0,3,0.0,True
hsa-miR-125a-3p,2.9338,5.6539,-2.7201,0.046877,-58.0264,2277.5,0.0,4,0.0,True
hsa-miR-1254,3.5717,5.5317,-1.9601,0.036628,-53.5119,2269.3,0.0,5,0.0,True
hsa-miR-1909-3p,5.2999,7.2607,-1.9608,0.043489,-45.0874,3297.7,0.0,6,0.0,True
hsa-miR-6805-3p,4.2182,6.2872,-2.069,0.04216,-49.0743,2726.1,0.0,7,0.0,True
hsa-miR-575,4.121,6.6508,-2.5298,0.036007,-70.2587,2891.6,0.0,8,0.0,True
hsa-miR-6806-5p,3.8382,5.7278,-1.8896,0.041436,-45.6034,2480.3,0.0,9,0.0,True
hsa-miR-483-3p,3.5766,5.1307,-1.5541,0.032216,-48.2389,1919.6,0.0,10,0.0,True
hsa-miR-8071,4.0697,6.3789,-2.3091,0.042136,-54.801,3335.0,0.0,11,0.0,True
hsa-miR-3616-3p,3.3721,5.293,-1.9209,0.040349,-47.6066,2118.7,0.0,12,0.0,True
hsa-miR-135a-3p,2.7312,5.4929,-2.7618,0.050314,-54.8911,2132.0,0.0,13,0.0,True
hsa-miR-486-3p,4.3963,7.0577,-2.6613,0.048999,-54.3146,2086.2,0.0,14,0.0,True
hsa-miR-6842-5p,3.9828,5.678,-1.6952,0.03542,-47.8593,2548.5,0.0,15,0.0,True
hsa-miR-4486,4.48,6.5115,-2.0315,0.042112,-48.2397,2654.9,0.0,16,0.0,True
hsa-miR-3622a-3p,3.1345,4.8773,-1.7427,0.036747,-47.4256,2045.1,0.0,17,0.0,True
hsa-miR-486-5p,2.9133,5.1516,-2.2383,0.047803,-46.8237,2084.0,0.0,18,0.0,True
hsa-miR-1910-5p,2.8528,4.8965,-2.0437,0.042417,-48.1818,2081.5,0.0,19,0.0,True
hsa-miR-4271,3.886,6.8101,-2.9241,0.055529,-52.6592,2469.0,0.0,20,0.0,True
hsa-miR-150-3p,2.7483,5.1003,-2.352,0.048937,-48.0622,2166.3,0.0,21,0.0,True
hsa-miR-887-3p,3.9252,6.0523,-2.1271,0.04396,-48.3872,2886.5,0.0,22,0.0,True
hsa-miR-1202,3.756,6.1899,-2.4339,0.041099,-59.2192,2433.8,0.0,23,0.0,True
hsa-miR-1203,3.7708,5.4239,-1.653,0.034613,-47.7571,2808.9,0.0,24,0.0,True
hsa-miR-4707-3p,3.9394,5.9286,-1.9892,0.037674,-52.8003,2099.3,0.0,25,0.0,True
hsa-miR-3652,3.4107,5.3734,-1.9627,0.040495,-48.4668,2187.2,0.0,26,0.0,True
hsa-miR-3646,2.8115,4.7862,-1.9747,0.042447,-46.5211,2072.3,0.0,27,0.0,True
hsa-miR-498,3.7909,5.6594,-1.8685,0.033543,-55.7046,2030.6,0.0,28,0.0,True
hsa-miR-494-3p,3.4196,5.0762,-1.6566,0.034028,-48.6835,1932.5,0.0,29,0.0,True
hsa-miR-1913,3.6648,5.7071,-2.0422,0.04016,-50.8521,2256.4,0.0,30,0.0,True
hsa-miR-491-5p,3.5275,5.3509,-1.8234,0.033668,-54.1598,2126.7,0.0,31,0.0,True
hsa-miR-5090,3.7724,6.0618,-2.2894,0.051038,-44.8576,2717.5,0.0,32,0.0,True
hsa-miR-3180-3p,4.9538,7.5862,-2.6324,0.052465,-50.1744,2784.0,0.0,33,0.0,True
hsa-miR-671-5p,4.0096,5.7088,-1.6992,0.038867,-43.7191,2960.1,1.4e-322,34,2.22e-321,True
hsa-miR-1181,3.0405,5.0686,-2.0281,0.043541,-46.579,2007.6,9.5e-322,35,1.4773e-320,True
hsa-miR-711,4.9528,6.9066,-1.9538,0.045931,-42.5374,3657.6,1.354e-321,36,2.0494e-320,True
hsa-miR-3131,4.0109,6.0563,-2.0453,0.044539,-45.9225,2149.0,2.026e-321,37,2.9837e-320,True
hsa-miR-1914-5p,3.1433,4.8724,-1.7291,0.037013,-46.7163,1950.3,2.332e-320,38,3.3446e-319,True
hsa-miR-1193,3.1204,5.1726,-2.0522,0.044188,-46.4423,2003.9,3.002e-320,39,4.195e-319,True
hsa-miR-1228-5p,5.9465,9.895,-3.9485,0.086802,-45.4887,2226.7,4.3675e-320,40,5.95077e-319,True
hsa-miR-187-5p,4.448,6.4624,-2.0144,0.045728,-44.0522,2681.2,2.23416e-319,41,2.969804e-318,True
hsa-miR-4746-3p,3.9548,5.7672,-1.8124,0.040473,-44.7803,2410.6,3.2984e-319,42,4.28004e-318,True
hsa-miR-3122,3.5197,5.0347,-1.515,0.033199,-45.6332,2129.5,1.02952e-317,43,1.30485697e-316,True
hsa-miR-4481,3.496,5.2139,-1.7179,0.038856,-44.211,2557.4,1.224665e-317,44,1.5169149e-316,True
hsa-miR-6774-5p,4.237,5.8259,-1.5889,0.036009,-44.1242,2577.8,2.7764454e-317,45,3.36258386e-316,True
hsa-miR-484,3.5737,5.1028,-1.5291,0.032495,-47.0574,1806.1,3.6037923e-316,46,4.26971043e-315,True
hsa-miR-4467,6.8171,8.9079,-2.0908,0.048356,-43.2372,2893.6,1.6563257e-315,47,1.920632993e-314,True
hsa-miR-6800-5p,4.4973,7.0933,-2.596,0.059833,-43.3865,2813.9,2.54292817e-315,48,2.8872830285e-314,True
hsa-miR-3162-5p,4.6997,6.2832,-1.5835,0.036609,-43.2558,2722.1,1.3762730891037e-311,49,1.5307527215541e-310,True
hsa-miR-128-1-5p,3.9301,5.7405,-1.8104,0.042279,-42.8209,2905.6,4.9793181526305e-311,50,5.4274567863672e-310,True
hsa-miR-564,3.0793,5.0232,-1.944,0.043282,-44.9141,2138.3,7.5686280830653e-311,51,8.08804373582466e-310,True
hsa-miR-3614-5p,2.7582,4.7748,-2.0166,0.044524,-45.2925,2039.6,1.33784717562717e-310,52,1.402166751378475e-309,True
hsa-miR-3184-5p,4.0051,5.9699,-1.9649,0.046524,-42.233,3161.7,1.79984301091985e-309,53,1.8507819640590905e-308,True
hsa-miR-3622a-5p,3.7524,5.3583,-1.6059,0.036283,-44.2619,2225.4,1.7715529187645844e-307,54,1.787956186530923e-306,True
hsa-miR-718,3.4044,5.3958,-1.9915,0.04451,-44.7418,2089.5,3.2725401140809174e-307,55,3.2427897494074546e-306,True
hsa-miR-4449,4.0601,5.6818,-1.6217,0.038141,-42.5172,2841.2,3.837679251137729e-306,56,3.73488427119654e-305,True
hsa-miR-373-5p,3.6908,5.3133,-1.6225,0.036398,-44.578,2078.7,3.700555187428115e-305,57,3.5382501353479347e-304,True
hsa-miR-3147,2.9924,4.9749,-1.9825,0.044613,-44.437,2101.5,1.185351396147538e-304,58,1.1138215705179453e-303,True
hsa-miR-2392,3.887,5.4489,-1.5619,0.036571,-42.7094,2502.9,7.360948216486096e-300,59,6.799519962686309e-299,True
hsa-miR-25-5p,3.1067,4.8907,-1.7841,0.039329,-45.3622,1764.1,1.8464874049792122e-298,60,1.6772260595227844e-297,True
hsa-miR-6851-5p,4.01,5.5731,-1.5631,0.036179,-43.205,2270.9,3.6070386059730476e-298,61,3.2226820332054274e-297,True
hsa-miR-4290,3.0271,4.8534,-1.8264,0.041651,-43.8484,2018.8,1.2774915908054394e-295,62,1.1229563177241364e-294,True
hsa-miR-4446-3p,4.7777,6.4152,-1.6375,0.038695,-42.317,2472.3,7.92897674153028e-295,63,6.859194165292069e-294,True
hsa-miR-198,3.3179,4.842,-1.5241,0.034423,-44.2763,1875.3,1.0292230087056797e-293,64,8.764477183509304e-293,True
hsa-miR-3610,3.3937,5.0067,-1.613,0.036729,-43.9168,1952.9,1.2756224006778106e-293,65,1.069560320568318e-292,True
hsa-miR-615-5p,3.6718,5.2429,-1.5711,0.037995,-41.3511,2686.8,1.1160614576346022e-289,66,9.215962036528155e-289,True
hsa-miR-5698,3.8124,5.5221,-1.7097,0.042026,-40.682,2985.8,2.7911573042341473e-288,67,2.2704190012053887e-287,True
hsa-miR-4436b-5p,3.2916,5.0087,-1.7171,0.040985,-41.8968,2331.8,1.728553198859071e-286,68,1.385384549085579e-285,True
hsa-miR-572,3.2053,4.7377,-1.5324,0.036051,-42.5056,2127.0,2.59592348421053e-286,69,2.0504033317315056e-285,True
hsa-miR-3679-5p,4.9437,6.5568,-1.6131,0.04031,-40.0179,3315.5,4.660902071564146e-286,70,3.628845184289228e-285,True
hsa-miR-636,3.4633,4.9972,-1.5338,0.035411,-43.3154,1898.1,1.2730786139165927e-285,71,9.772223163162578e-285,True
hsa-miR-4279,3.63,5.0689,-1.4388,0.035145,-40.9403,2657.8,1.5612126579197824e-284,72,1.1817512480087242e-283,True
hsa-miR-23a-5p,3.7489,5.0121,-1.2632,0.030364,-41.5998,2263.9,1.85875865410984e-281,73,1.3877033787532366e-280,True
hsa-miR-4323,3.3356,4.8629,-1.5273,0.037425,-40.8093,2540.4,1.9689611303629862e-280,74,1.4501132649294965e-279,True
hsa-miR-583,3.6804,4.8914,-1.211,0.028929,-41.8623,2133.2,4.279213537549875e-280,75,3.1095618372862426e-279,True
hsa-miR-4716-5p,2.8519,4.9036,-2.0517,0.048447,-42.3496,1993.0,4.563587397688146e-280,76,3.27257254176321e-279,True
hsa-miR-2276-3p,3.2057,4.7707,-1.565,0.037434,-41.8069,2091.5,3.536782889192504e-278,77,2.503307369623266e-277,True
hsa-miR-4530,5.8298,8.0072,-2.1774,0.056179,-38.7583,3871.2,5.584682118955357e-278,78,3.902117634398294e-277,True
hsa-miR-8089,4.1187,5.7725,-1.6538,0.040985,-40.3521,2631.6,1.4580768419323381e-277,79,1.005888454244461e-276,True
hsa-miR-550a-5p,3.6948,5.4352,-1.7404,0.042283,-41.1613,2275.0,2.7746812159245577e-277,80,1.8902515783486048e-276,True
hsa-miR-4722-3p,3.396,4.9792,-1.5832,0.038594,-41.0225,2258.2,2.1802754265999292e-275,81,1.4669754413542733e-274,True
hsa-miR-675-3p,3.3729,4.9565,-1.5836,0.038426,-41.2126,2162.3,1.6711868393643583e-274,82,1.1107278383580186e-273,True
hsa-miR-30c-1-3p,3.6165,5.035,-1.4185,0.035506,-39.9515,2685.0,2.470695540608344e-274,83,1.6223241802789728e-273,True
hsa-miR-6824-5p,4.0821,5.7898,-1.7076,0.042714,-39.9781,2662.5,3.678692715087374e-274,84,2.386770868717403e-273,True
hsa-miR-6737-5p,4.4008,5.789,-1.3882,0.034813,-39.8766,2703.5,6.838425199109886e-274,85,4.384637333546927e-273,True
hsa-miR-3135b,4.4177,6.1682,-1.7506,0.042533,-41.1575,2152.3,1.2032427629741676e-273,86,7.62520123047583e-273,True
hsa-miR-7108-5p,6.1422,7.8334,-1.6912,0.043137,-39.2053,3093.4,2.7091483681459445e-273,87,1.6971101846431492e-272,True
hsa-miR-7846-3p,3.946,5.4026,-1.4566,0.036487,-39.9195,2584.0,7.150315802407595e-272,88,4.428320582172885e-271,True
hsa-miR-4673,2.6174,4.7346,-2.1173,0.051879,-40.8119,2102.1,1.1362119536970497e-268,89,6.957702413088675e-268,True
hsa-miR-6813-5p,3.659,5.186,-1.527,0.039193,-38.9614,2896.5,2.303848626476379e-267,90,1.3951083349218074e-266,True
hsa-miR-3173-3p,3.309,4.7539,-1.4449,0.035306,-40.9247,2021.3,3.257395374174864e-267,91,1.9508576691486825e-266,True
hsa-miR-1233-3p,3.5153,4.8489,-1.3336,0.033793,-39.4652,2575.9,7.770829793160528e-267,92,4.6033719970353127e-266,True
hsa-miR-4483,3.0479,4.7931,-1.7451,0.043537,-40.0839,2269.6,4.055876943959347e-266,93,2.3768311123202625e-265,True
hsa-miR-1288-3p,3.3828,4.8985,-1.5157,0.037695,-40.2104,2045.3,5.139306024070394e-261,94,2.9797040245940046e-260,True
hsa-miR-4655-5p,4.8616,6.4573,-1.5957,0.042469,-37.5724,3487.2,1.021201409289473e-259,95,5.858471242765924e-259,True
hsa-miR-4741,5.6947,7.6857,-1.991,0.052347,-38.0349,3054.9,1.7211465598276932e-259,96,9.7710924490218e-259,True
hsa-miR-4534,4.1084,6.1302,-2.0217,0.051825,-39.0106,2410.6,1.7682630286466109e-258,97,9.93508608878766e-258,True
hsa-miR-6075,5.2595,6.7555,-1.496,0.038947,-38.4101,2691.5,9.408856830359586e-258,98,5.232476502597933e-257,True
hsa-miR-483-5p,3.3539,5.0926,-1.7387,0.04372,-39.7693,2077.8,1.1368214807173183e-257,99,6.258259666575137e-257,True
hsa-miR-1231,4.0686,5.5608,-1.4922,0.039395,-37.8765,3023.1,2.928658749996591e-257,100,1.596119018748142e-256,True
hsa-miR-6836-3p,4.1857,6.2125,-2.0268,0.053462,-37.9105,2959.7,1.0540019914775378e-256,101,5.687436488665922e-256,True
hsa-miR-197-3p,3.5708,4.8722,-1.3015,0.033433,-38.9269,2310.1,2.575650935234278e-255,102,1.3762056467673348e-254,True
hsa-miR-6729-3p,3.9227,5.1903,-1.2675,0.033054,-38.3466,2487.2,3.546692420202423e-253,103,1.8766479310779811e-252,True
hsa-miR-3928-3p,3.781,5.4183,-1.6372,0.042373,-38.6386,2343.0,4.015839583110071e-253,104,2.1044543969182584e-252,True
hsa-miR-24-3p,3.357,4.9667,-1.6098,0.040383,-39.862,1875.5,3.187416198581252e-252,105,1.6544207887874116e-251,True
hsa-miR-7112-5p,3.8527,5.078,-1.2253,0.031851,-38.469,2365.4,7.043187974071166e-252,106,3.621261741385647e-251,True
hsa-miR-1249-3p,1.3878,3.9514,-2.5636,0.069268,-37.0095,3296.3,4.702605759159357e-251,107,2.395252466113878e-250,True
hsa-miR-6894-5p,3.8633,5.1647,-1.3013,0.034544,-37.6725,2764.3,4.881195357080688e-251,108,2.4631958051934955e-250,True
hsa-miR-4270,5.0603,6.7127,-1.6523,0.044728,-36.9423,3330.8,1.0882981107485326e-250,109,5.441490553742663e-250,True
hsa-miR-4721,3.4624,5.0238,-1.5614,0.040637,-38.4225,2328.8,1.3641651623513805e-250,110,6.758818304377295e-250,True
hsa-miR-6807-5p,3.6673,5.1303,-1.463,0.038089,-38.4099,2268.0,4.484018758957616e-249,111,2.2016128140827935e-248,True
hsa-miR-3918,3.6957,5.0416,-1.3458,0.035852,-37.5387,2711.8,9.916037579139597e-249,112,4.825214714849179e-248,True
hsa-miR-760,4.9039,6.4025,-1.4986,0.040135,-37.34,2788.5,7.93122727064587e-248,113,3.8252379314176985e-247,True
hsa-miR-6790-5p,3.7255,5.0838,-1.3584,0.035794,-37.9493,2419.9,1.1269092802291525e-247,114,5.387417173025335e-247,True
hsa-miR-6730-3p,3.2713,4.8376,-1.5663,0.040546,-38.6302,2093.7,6.154776398225926e-247,115,2.9168288148114176e-246,True
hsa-miR-370-3p,4.22,5.2394,-1.0195,0.02725,-37.4114,2624.1,6.989171680257187e-246,116,3.283705660120834e-245,True
hsa-miR-4722-5p,3.9365,5.368,-1.4315,0.037542,-38.1299,2245.3,1.0033592327478934e-245,117,4.67376736621882e-245,True
hsa-miR-6829-5p,3.7071,5.2313,-1.5242,0.041115,-37.0714,2827.0,1.6461683345640687e-245,118,7.603065613028961e-245,True
hsa-miR-1236-5p,3.5358,4.9195,-1.3838,0.037147,-37.2509,2653.9,1.0937869019656207e-244,119,5.00936018127112e-244,True
hsa-miR-4656,4.6124,6.1996,-1.5872,0.042997,-36.9137,2879.2,1.45308980038377e-244,120,6.599449510076288e-244,True
hsa-miR-766-3p,3.7217,4.9487,-1.227,0.033094,-37.0766,2728.8,4.751413648028699e-244,121,2.1400995356823479e-243,True
hsa-miR-346,3.2348,4.7014,-1.4666,0.038834,-37.765,2319.3,1.1075971358142849e-243,122,4.94787245097365e-243,True
hsa-miR-6510-5p,4.2937,5.7882,-1.4945,0.040304,-37.0802,2700.4,1.238208755709235e-243,123,5.486372128955554e-243,True
hsa-miR-7111-3p,3.8193,5.0172,-1.198,0.032079,-37.3449,2496.6,6.754836378699631e-243,124,2.968859537412338e-242,True
hsa-miR-4747-3p,3.4462,4.9114,-1.4652,0.039105,-37.4682,2398.7,2.735707449755537e-242,125,1.1927684480934142e-241,True
hsa-miR-668-3p,3.3522,4.6651,-1.313,0.035167,-37.3358,2392.1,8.42709110584103e-241,126,3.645051311653461e-240,True
hsa-miR-4792,3.8961,5.2008,-1.3047,0.035778,-36.4666,2896.5,6.043450233588213e-240,127,2.5934491159886427e-239,True
hsa-miR-6785-5p,5.1145,6.886,-1.7715,0.050045,-35.3983,3824.5,1.1407928940569826e-237,128,4.857282244226996e-237,True
hsa-miR-328-3p,4.0776,5.0558,-0.9781,0.026627,-36.7351,2543.5,2.22114802482322e-237,129,9.383919949834534e-237,True
hsa-miR-504-3p,3.5282,5.1662,-1.638,0.044255,-37.0125,2379.4,3.044139582246081e-237,130,1.276196978710857e-236,True
hsa-miR-7155-5p,3.9088,5.1786,-1.2698,0.034482,-36.8248,2409.9,6.605971471039996e-236,131,2.7482858410051893e-235,True
hsa-miR-6771-5p,5.3453,7.2221,-1.8768,0.052132,-36.0004,2950.0,1.3710000566503618e-235,132,5.6605684157155085e-235,True
hsa-miR-4685-3p,3.3895,4.8621,-1.4727,0.039977,-36.8376,2252.7,6.26001619056883e-233,133,2.5651946044060246e-232,True
hsa-miR-4731-3p,3.8304,4.9885,-1.1582,0.031455,-36.8207,2260.6,6.3300724014702285e-233,134,2.5745443722397572e-232,True
hsa-miR-4274,3.6263,4.9516,-1.3253,0.036779,-36.0351,2689.6,2.2935656227329592e-232,135,9.259209365847873e-232,True
hsa-miR-1234-3p,3.6444,4.8887,-1.2442,0.034573,-35.9882,2720.0,2.5668863837684544e-232,136,1.0286419699660351e-231,True
hsa-miR-3180,4.8113,6.8662,-2.0549,0.057683,-35.6248,2944.1,1.9261069509354403e-231,137,7.662250279268722e-231,True
hsa-miR-7845-5p,4.1543,5.7286,-1.5743,0.044855,-35.0975,3472.1,3.0991485467019635e-231,138,1.2239390999656305e-230,True
hsa-miR-937-5p,4.7113,6.3644,-1.6531,0.045647,-36.2147,2487.3,5.05370399600276e-231,139,1.9814882574255425e-230,True
hsa-miR-6731-5p,3.2014,4.8068,-1.6055,0.0443,-36.2411,2401.6,8.562988311200796e-230,140,3.3334490211460244e-229,True
hsa-miR-6803-3p,3.1797,4.7662,-1.5865,0.043719,-36.2885,2339.3,3.965391505564822e-229,141,1.5327222486048426e-228,True
hsa-miR-6845-3p,3.5655,4.9761,-1.4106,0.039263,-35.9259,2543.3,5.768596738277479e-229,142,2.2140036777191734e-228,True
hsa-miR-6820-5p,4.2694,6.0839,-1.8144,0.050389,-36.0083,2461.5,1.8362028721454832e-228,143,6.998115841393625e-228,True
hsa-miR-4487,3.2358,4.6845,-1.4487,0.03974,-36.4557,2216.2,2.2509119670515963e-228,144,8.519076541966111e-228,True
hsa-miR-6846-5p,3.6949,5.1186,-1.4237,0.039455,-36.085,2365.3,1.4915703952096882e-227,145,5.606247347512277e-227,True
hsa-miR-6810-5p,3.5769,4.8369,-1.26,0.034852,-36.1514,2309.1,3.5209107531874714e-227,146,1.3143125756761451e-226,True
hsa-miR-5193,3.0251,4.6191,-1.5941,0.044085,-36.159,2303.7,3.7511046482081266e-227,147,1.3907156688934892e-226,True
hsa-miR-4298,3.7091,5.2768,-1.5677,0.044248,-35.4293,2725.7,1.720236528341021e-226,148,6.334654783417949e-226,True
hsa-miR-6813-3p,3.4042,4.7928,-1.3886,0.039081,-35.5307,2623.1,4.3489110285328274e-226,149,1.5907090674834838e-225,True
hsa-miR-6716-5p,3.8943,5.4114,-1.5171,0.043038,-35.2493,2787.1,2.0495193933603588e-225,150,7.446587129209304e-225,True
hsa-miR-6861-3p,3.5308,4.8603,-1.3295,0.037493,-35.4584,2622.5,2.518500759773562e-225,151,9.08995307335491e-225,True
hsa-miR-877-3p,3.5821,4.8379,-1.2559,0.035559,-35.3171,2669.1,1.6023597949378783e-224,152,5.745303212112787e-224,True
hsa-miR-6515-3p,4.1789,5.5892,-1.4103,0.039454,-35.7451,2321.1,2.5079497336250947e-223,153,8.933546436769128e-223,True
hsa-miR-6732-5p,4.8079,6.6447,-1.8369,0.053402,-34.3971,3439.2,4.185372361562502e-223,154,1.481186972111405e-222,True
hsa-miR-4419a,3.5745,4.908,-1.3335,0.037349,-35.7045,2329.1,4.586688655463364e-223,155,1.6127389143403443e-222,True
hsa-miR-371b-5p,3.2351,4.7819,-1.5468,0.042646,-36.271,2004.8,6.423662016340111e-222,156,2.2441639736572826e-221,True
hsa-miR-1225-3p,4.1112,5.2793,-1.1681,0.033276,-35.1049,2638.1,7.181253488177646e-222,157,2.492855510227272e-221,True
hsa-miR-6858-3p,3.5249,4.8172,-1.2923,0.035967,-35.9295,2147.5,8.795721282158291e-222,158,3.0339671511242207e-221,True
hsa-miR-1228-3p,3.4647,5.1524,-1.6877,0.047507,-35.5253,2349.4,1.2587474206441606e-221,159,4.3145744921450785e-221,True
hsa-miR-6831-5p,3.1369,4.6768,-1.5399,0.043851,-35.1157,2577.3,4.16151727636056e-221,160,1.4175168222603158e-220,True
hsa-miR-1915-3p,4.6211,7.6714,-3.0503,0.087881,-34.7096,2841.3,2.2254730526750166e-220,161,7.533433625514807e-220,True
hsa-miR-6726-3p,3.1028,4.6665,-1.5637,0.043876,-35.6386,2216.0,2.666230607471043e-220,162,8.969726426368633e-220,True
hsa-miR-3713,3.4018,4.6695,-1.2677,0.035939,-35.2747,2411.0,3.791281005229529e-220,163,1.2676369005215296e-219,True
hsa-miR-4688,4.3299,5.8447,-1.5148,0.042966,-35.2555,2359.9,4.228057599392511e-219,164,1.4050557266273894e-218,True
hsa-miR-6804-3p,3.4714,4.7723,-1.3008,0.037599,-34.597,2830.5,4.6692938668505075e-219,165,1.5422819135960768e-218,True
hsa-miR-4462,3.4513,4.9041,-1.4529,0.041038,-35.4023,2260.3,8.396571574967572e-219,166,2.7567057279261003e-218,True
hsa-miR-7114-5p,4.3914,6.0404,-1.649,0.048482,-34.0127,3403.9,1.5232591399799496e-218,167,4.971115157419596e-218,True
hsa-miR-4648,3.4072,4.9018,-1.4946,0.042508,-35.1606,2378.5,1.8503851311740676e-218,168,6.00273747910635e-218,True
hsa-miR-6893-3p,3.6852,4.8462,-1.161,0.033299,-34.867,2560.4,2.668704389147161e-218,169,8.606176876243804e-218,True
hsa-miR-4667-5p,3.8386,5.2911,-1.4525,0.042518,-34.1613,3163.9,5.357745902688187e-218,170,1.7176303040970952e-217,True
hsa-miR-3187-3p,3.5487,4.8509,-1.3022,0.037928,-34.3336,2944.2,1.41508500692855e-217,171,4.510066250152396e-217,True
hsa-miR-1229-5p,4.7964,6.3731,-1.5767,0.04623,-34.1045,3161.6,2.3313313551424388e-217,172,7.387067375305983e-217,True
hsa-miR-4281,5.3911,8.798,-3.4069,0.098484,-34.5929,2694.5,2.6180605209432148e-217,173,8.247647305861572e-217,True
hsa-miR-5006-5p,3.3298,4.7088,-1.379,0.039408,-34.9929,2378.7,8.901164300679678e-217,174,2.788008358546221e-216,True
hsa-miR-1343-5p,4.9317,7.6769,-2.7452,0.080079,-34.2814,2863.7,4.1028358742562644e-216,175,1.2777403151255222e-215,True
hsa-miR-4665-3p,3.5271,4.8871,-1.36,0.038515,-35.3115,2157.8,5.711128057463773e-216,176,1.7685027223396342e-215,True
hsa-miR-6827-5p,3.1985,4.6253,-1.4268,0.040603,-35.1395,2240.1,7.725491345173201e-216,177,2.3787529848132174e-215,True
hsa-miR-365a-5p,4.1551,5.517,-1.3619,0.039255,-34.6937,2492.1,1.586174456784409e-215,178,4.856545387345522e-215,True
hsa-miR-6815-5p,3.3704,4.6917,-1.3213,0.037841,-34.9177,2282.5,2.1052470768560296e-214,179,6.409830485399643e-214,True
hsa-miR-3151-3p,3.7282,4.8718,-1.1436,0.033205,-34.4407,2567.9,4.93512120834498e-214,180,1.4942450325266748e-213,True
hsa-miR-532-3p,3.5393,4.7983,-1.259,0.036843,-34.1726,2691.6,6.636367939855737e-213,181,1.9982433852051807e-212,True
hsa-miR-4730,4.4055,6.7381,-2.3326,0.070033,-33.3075,3678.7,7.753225739313625e-213,182,2.3217077076516074e-212,True
hsa-miR-5739,4.4211,5.682,-1.261,0.036815,-34.2515,2614.2,1.0131914883990567e-212,183,3.0174282031556605e-212,True
hsa-miR-642a-3p,4.9506,6.2634,-1.3128,0.039263,-33.4366,3439.6,1.695029916245666e-212,184,5.020604914966782e-212,True
hsa-miR-5010-5p,2.8497,4.8354,-1.9857,0.056949,-34.8679,2201.6,1.7893543364317747e-212,185,5.271341153271985e-212,True
hsa-miR-765,3.4826,4.688,-1.2054,0.035161,-34.2822,2570.4,1.9141545530019843e-212,186,5.608678663366029e-212,True
hsa-miR-3937,4.8057,6.6028,-1.7972,0.052843,-34.0097,2771.0,3.515042410750881e-212,187,1.0244374940423692e-211,True
hsa-miR-873-3p,3.5188,4.7664,-1.2476,0.036384,-34.2892,2531.4,5.603280773127957e-212,188,1.6243553305078387e-211,True
hsa-miR-3648,6.7082,10.092,-3.3837,0.096015,-35.242,1992.7,6.862797930406458e-212,189,1.9789549587679998e-211,True
hsa-miR-422a,4.4705,5.573,-1.1025,0.031751,-34.7249,2169.4,1.7204496791558993e-210,190,4.9349740796840265e-210,True
hsa-miR-208a-5p,3.5989,4.919,-1.3201,0.038687,-34.1237,2501.5,7.027535362539915e-210,191,2.005239147949871e-209,True
hsa-miR-6511b-3p,3.4211,4.7502,-1.3291,0.03922,-33.8882,2592.3,1.0362974101144042e-208,192,2.941573377668491e-208,True
hsa-miR-6769b-5p,3.7285,5.3581,-1.6297,0.048142,-33.8507,2523.1,2.0508041230201294e-207,193,5.791130813709692e-207,True
hsa-miR-6782-5p,4.0655,5.3805,-1.315,0.038903,-33.8029,2555.2,2.3409125581893628e-207,194,6.576274970171148e-207,True
hsa-miR-6877-3p,3.7254,4.947,-1.2216,0.036,-33.934,2453.1,2.7848246725863658e-207,195,7.783227931074715e-207,True
hsa-miR-6860,3.5672,4.8182,-1.251,0.0376,-33.2718,2988.3,8.988680441762374e-207,196,2.499403490183925e-206,True
hsa-miR-6749-3p,3.7864,4.9462,-1.1598,0.034447,-33.6699,2596.7,1.5293796966950308e-206,197,4.231025049232446e-206,True
hsa-miR-7109-3p,3.5144,4.8173,-1.3029,0.038388,-33.9406,2359.4,5.661983999980798e-206,198,1.5584753939341086e-205,True
hsa-miR-1273e,3.6944,4.8848,-1.1904,0.035174,-33.8426,2401.8,1.2522521707763225e-205,199,3.429534839563295e-205,True
hsa-miR-6809-3p,3.5007,4.6694,-1.1686,0.03451,-33.8623,2344.2,5.725640876509483e-205,200,1.560237138848834e-204,True
hsa-miR-345-3p,3.5778,4.9348,-1.357,0.040313,-33.6613,2458.6,1.2619388696821047e-204,201,3.4216750446604336e-204,True
hsa-miR-6511a-5p,4.3167,5.7788,-1.4621,0.043549,-33.5746,2417.9,3.4271010050072966e-203,202,9.246386374895924e-203,True
hsa-miR-8052,3.3978,4.8116,-1.4138,0.041652,-33.9442,2162.8,7.907208521314268e-203,203,2.122871253259249e-202,True
hsa-miR-5572,3.229,5.0187,-1.7896,0.054757,-32.683,3160.0,4.301781304517682e-202,204,1.1492503975304592e-201,True
hsa-miR-6792-5p,4.0342,5.173,-1.1388,0.034127,-33.3695,2466.3,8.248179921767904e-202,205,2.1928088084700037e-201,True
hsa-miR-6722-5p,3.565,4.7931,-1.228,0.036333,-33.7987,2175.2,1.2193515941317524e-201,206,3.225954460202937e-201,True
hsa-miR-4749-5p,5.311,6.7197,-1.4087,0.042771,-32.9368,2813.7,1.6290811136756013e-201,207,4.28912660363866e-201,True
hsa-miR-1227-5p,6.1959,8.0133,-1.8174,0.055317,-32.8546,2860.0,3.8764580441132444e-201,208,1.0157065548277492e-200,True
hsa-miR-6732-3p,3.2862,4.645,-1.3588,0.04125,-32.9405,2771.1,4.1941353516627586e-201,209,1.0936860127541643e-200,True
hsa-miR-6741-3p,3.7115,4.8444,-1.1329,0.034192,-33.1324,2586.3,5.876173066335892e-201,210,1.525006819596696e-200,True
hsa-miR-296-3p,3.5549,4.9486,-1.3937,0.040859,-34.1109,1968.6,8.917554455172333e-201,211,2.30334937349238e-200,True
hsa-miR-1976,3.3641,4.8024,-1.4384,0.043378,-33.1586,2537.6,1.2775974870031063e-200,212,3.2843897661164765e-200,True
hsa-miR-6779-5p,4.64,5.9312,-1.2913,0.039421,-32.7557,2886.8,2.2379691862093902e-200,213,5.726259185371445e-200,True
hsa-miR-125b-1-3p,3.402,4.645,-1.243,0.037996,-32.7148,2888.1,5.764439866792124e-200,214,1.468046601589583e-199,True
hsa-miR-6801-3p,3.7036,4.8116,-1.108,0.03342,-33.1529,2429.1,3.729085633736856e-199,215,9.452798466914356e-199,True
hsa-miR-1914-3p,4.5506,5.8753,-1.3247,0.041231,-32.1285,3419.2,3.739320408271205e-198,216,9.434859363462068e-198,True
hsa-miR-92a-3p,3.3748,4.9439,-1.5691,0.045646,-34.3749,1713.3,2.1305959793066375e-197,217,5.3510359848945504e-197,True
hsa-miR-4276,3.5548,4.752,-1.1972,0.036819,-32.5165,2746.7,1.6784021709511092e-196,218,4.196005427377773e-196,True
hsa-miR-5001-5p,5.3942,6.5579,-1.1636,0.035857,-32.4522,2792.3,2.606624222557597e-196,219,6.486804572118221e-196,True
hsa-miR-6885-3p,3.6755,4.7654,-1.0899,0.033263,-32.7658,2465.8,8.616096958916596e-196,220,2.1344422011861565e-195,True
hsa-miR-874-5p,3.2905,4.6938,-1.4033,0.042418,-33.083,2214.4,2.212701819396186e-195,221,5.456662857786975e-195,True
hsa-miR-139-3p,3.3893,4.6647,-1.2754,0.038911,-32.7783,2392.1,5.829764411139447e-195,222,1.431180902734684e-194,True
hsa-miR-3675-3p,3.8835,4.8858,-1.0023,0.030773,-32.5715,2530.6,1.1824423221850123e-194,223,2.8898254062369135e-194,True
hsa-miR-6759-5p,3.3599,4.6703,-1.3104,0.039981,-32.7758,2357.4,1.8026799683068786e-194,224,4.385984744318075e-194,True
hsa-miR-4726-5p,4.4198,5.5434,-1.1237,0.034813,-32.2774,2740.3,5.322760120570894e-194,225,1.2892907847605053e-193,True
hsa-miR-6763-5p,4.3826,5.7321,-1.3495,0.042248,-31.9427,3108.1,7.222729871089069e-194,226,1.7417645043113019e-193,True
hsa-miR-6825-3p,3.57,4.8196,-1.2496,0.03843,-32.5169,2494.4,1.1221216229595262e-193,227,2.6940805485151624e-193,True
hsa-miR-602,3.0658,4.4914,-1.4256,0.044085,-32.337,2586.1,5.951396789505729e-193,228,1.422592653631852e-192,True
hsa-miR-6802-3p,3.3455,4.6215,-1.276,0.038991,-32.7244,2234.3,3.1286687699966127e-192,229,7.445958426411153e-192,True
hsa-miR-6870-5p,4.4168,5.9545,-1.5377,0.048422,-31.7562,3143.4,3.404410905971833e-192,230,8.066973668498475e-192,True
hsa-miR-6511b-5p,3.4696,4.7368,-1.2673,0.038707,-32.7406,2220.1,3.5433579535238114e-192,231,8.359870496408993e-192,True
hsa-miR-6741-5p,4.7601,5.9996,-1.2395,0.038565,-32.1397,2687.3,4.6201745280219934e-192,232,1.0853427231775804e-191,True
hsa-miR-210-5p,3.4722,4.8209,-1.3487,0.041442,-32.5451,2311.7,1.3433123879618005e-191,233,3.1420826242024946e-191,True
hsa-miR-4758-3p,4.0993,5.0717,-0.9724,0.030263,-32.1309,2647.2,1.4890497743868855e-191,234,3.468086012995096e-191,True
hsa-miR-4433a-3p,1.5438,4.0262,-2.4825,0.07874,-31.5273,3273.4,9.457711628059927e-191,235,2.1933841860819832e-190,True
hsa-miR-6835-5p,3.7595,4.8182,-1.0587,0.032642,-32.433,2320.1,1.264256257855289e-190,236,2.919574832759036e-190,True
hsa-miR-6840-3p,5.4175,6.9317,-1.5142,0.046851,-32.3199,2387.9,2.0647131603917951e-190,237,4.747969081913622e-190,True
hsa-miR-4485-5p,1.5239,3.7156,-2.1917,0.06981,-31.3954,3175.1,1.1444559932789831e-188,238,2.6207080518363267e-188,True
hsa-miR-6761-3p,3.8239,4.8024,-0.9785,0.030717,-31.8549,2524.5,1.806571405348402e-187,239,4.119587514288197e-187,True
hsa-miR-6722-3p,5.1974,6.8669,-1.6696,0.052402,-31.8609,2507.9,2.419532245411429e-187,240,5.49435447395512e-187,True
hsa-miR-6511a-3p,3.4173,4.6829,-1.2655,0.039618,-31.9432,2432.4,2.815299556357473e-187,241,6.366548789273124e-187,True
hsa-miR-30b-3p,3.3304,4.6034,-1.273,0.040459,-31.4629,2793.3,2.95308927390618e-186,242,6.650552290408546e-186,True
hsa-miR-4476,3.803,5.3232,-1.5201,0.048392,-31.4128,2818.5,5.6309915929142616e-186,243,1.2629178675466143e-185,True
hsa-miR-342-5p,3.3842,4.7248,-1.3406,0.041198,-32.5401,1928.3,1.6412695567914308e-185,244,3.665950444472663e-185,True
hsa-miR-449b-3p,3.2043,4.5413,-1.337,0.042222,-31.6662,2513.5,1.7316414397912592e-185,245,3.852018713005046e-185,True
hsa-miR-3620-5p,5.048,6.406,-1.3579,0.04382,-30.989,3320.4,2.0016809338942483e-185,246,4.4346183291559564e-185,True
hsa-miR-4763-5p,3.8308,4.8965,-1.0657,0.033843,-31.4893,2666.1,2.5454787383591404e-185,247,5.616542155488792e-185,True
hsa-miR-6797-3p,3.4978,4.6375,-1.1398,0.036231,-31.4587,2645.0,8.295830853955247e-185,248,1.8230757320183907e-184,True
hsa-miR-8064,3.6733,4.6832,-1.0098,0.032019,-31.5388,2528.1,2.1597133195967268e-184,249,4.72708337020167e-184,True
hsa-miR-637,4.1467,4.9604,-0.8137,0.025749,-31.6013,2460.5,2.924354984564581e-184,250,6.375093866350787e-184,True
hsa-miR-4634,5.0575,6.6968,-1.6393,0.053585,-30.5916,3814.3,5.338962453478234e-184,251,1.1592567877074252e-183,True
hsa-miR-4525,4.8418,6.4179,-1.5761,0.049478,-31.8549,2223.6,9.156725966290317e-184,252,1.980323671281041e-183,True
hsa-miR-4478,3.76,4.9046,-1.1446,0.036507,-31.3532,2643.3,9.658074727419497e-184,253,2.080494358278113e-183,True
hsa-miR-3154,4.2304,5.2998,-1.0694,0.034839,-30.6963,3385.5,8.946818232553332e-183,254,1.9196913136777822e-182,True
hsa-miR-1247-3p,4.3456,5.4525,-1.1069,0.035441,-31.2319,2658.6,1.098640418601469e-182,255,2.3480746201482376e-182,True
hsa-miR-4535,3.345,4.6585,-1.3135,0.041607,-31.5699,2304.6,4.208214011792769e-182,256,8.9588931110432e-182,True
hsa-miR-6762-5p,5.107,6.2734,-1.1665,0.036713,-31.7724,2148.4,6.150123673831288e-182,257,1.3042091059292032e-181,True
hsa-miR-4738-3p,3.4036,4.6436,-1.24,0.039224,-31.6126,2241.0,1.0796705367696176e-181,258,2.280699389687758e-181,True
hsa-miR-6826-5p,4.194,5.4255,-1.2315,0.039343,-31.3016,2420.2,6.86995572831926e-181,259,1.445608444762161e-180,True
hsa-miR-6794-5p,5.2632,6.6035,-1.3403,0.043669,-30.6928,3037.6,1.977771355272869e-180,260,4.145713033168129e-180,True
hsa-miR-6127,3.4976,4.7128,-1.2152,0.038906,-31.2353,2408.0,4.1240845708761585e-180,261,8.611594218879334e-180,True
hsa-miR-6799-5p,4.8741,6.7456,-1.8715,0.060736,-30.8139,2792.8,9.92244519902526e-180,262,2.064020089110216e-179,True
hsa-miR-4743-5p,3.8958,4.8216,-0.9258,0.02983,-31.037,2534.4,1.5490202117422593e-179,263,3.209946826614188e-179,True
hsa-miR-3619-3p,4.3402,5.8476,-1.5074,0.048704,-30.9494,2593.7,2.8787434261965315e-179,264,5.9428604821102635e-179,True
hsa-miR-5196-5p,3.7042,5.0598,-1.3557,0.04369,-31.0286,2405.8,4.313212256581843e-178,265,8.870568603158885e-178,True
hsa-miR-6880-5p,3.9957,5.5219,-1.5262,0.049855,-30.6139,2829.9,4.8692439659324824e-178,266,9.976458501628582e-178,True
hsa-miR-6754-3p,3.6823,4.7058,-1.0235,0.033316,-30.721,2700.7,5.226531575463986e-178,267,1.0668388421827238e-177,True
hsa-miR-1915-5p,3.5095,4.6376,-1.1281,0.03669,-30.7472,2664.5,6.096556968384707e-178,268,1.2397849058842034e-177,True
hsa-miR-6822-5p,3.4765,4.7103,-1.2337,0.039788,-31.0079,2276.8,2.0996797349800424e-176,269,4.253997976074807e-176,True
hsa-miR-3188,4.6821,5.6656,-0.9835,0.032507,-30.2543,3089.9,2.4450795032377923e-176,270,4.935438256535543e-176,True
hsa-miR-4513,3.6937,4.97,-1.2763,0.041383,-30.8417,2391.9,3.835821264649659e-176,271,7.71410549532865e-176,True
hsa-miR-6819-5p,4.5297,6.1154,-1.5857,0.051838,-30.5897,2616.1,5.966611334674258e-176,272,1.1955158740431877e-175,True
hsa-miR-6777-3p,3.9812,4.9493,-0.9681,0.031764,-30.4784,2702.7,1.2516737990530117e-175,273,2.4987627123952063e-175,True
hsa-miR-6845-5p,5.9754,7.6031,-1.6277,0.053918,-30.1882,3055.0,1.9685147541808092e-175,274,3.915476427111464e-175,True
hsa-miR-2110,3.725,4.8097,-1.0847,0.035813,-30.2874,2907.6,2.2327128702668908e-175,275,4.424830961074384e-175,True
hsa-miR-6124,4.6942,5.9753,-1.2811,0.042611,-30.0658,3148.4,8.29088606986394e-175,276,1.6371496043753068e-174,True
hsa-miR-1587,3.6885,4.8085,-1.12,0.036896,-30.3548,2733.3,1.1420670902868856e-174,277,2.247027307604161e-174,True
hsa-miR-8069,6.2286,9.6826,-3.454,0.11355,-30.4183,2458.1,9.046080778647226e-173,278,1.7734223109218483e-172,True
hsa-miR-6862-3p,3.544,4.7669,-1.2229,0.040099,-30.4963,2364.8,1.5108619957979428e-172,279,2.9513254039780606e-172,True
hsa-miR-4539,3.5383,4.7028,-1.1645,0.038253,-30.4413,2387.4,2.9026070747254e-172,280,5.649717341876225e-172,True
hsa-miR-1237-3p,4.0267,4.9703,-0.9436,0.031659,-29.8035,3159.7,3.208159262069344e-172,281,6.222230597251931e-172,True
hsa-miR-4435,3.3163,4.7763,-1.46,0.049458,-29.5197,3649.5,6.159973570848133e-172,282,1.1904913461390895e-171,True
hsa-miR-1273f,3.756,4.9528,-1.1968,0.039494,-30.3036,2479.3,7.062411203426895e-172,283,1.3600756557836247e-171,True
hsa-miR-1236-3p,3.9065,4.8177,-0.9112,0.030531,-29.8467,3036.7,7.184845616464078e-172,284,1.378781993300325e-171,True
hsa-miR-6859-3p,3.3363,4.5967,-1.2604,0.041492,-30.3766,2399.3,9.012613284937673e-172,285,1.7234646457161514e-171,True
hsa-miR-3679-3p,4.2619,5.2702,-1.0083,0.033985,-29.6689,3307.1,1.0135148995548706e-171,286,1.9313483225783375e-171,True
hsa-miR-5088-5p,3.4076,4.5656,-1.158,0.038785,-29.8572,2886.4,6.189172672660719e-171,287,1.1752958559582202e-170,True
hsa-miR-4640-5p,4.7926,6.0983,-1.3057,0.044495,-29.3442,3474.2,2.744188331217066e-169,288,5.192995279560073e-169,True
hsa-miR-4707-5p,4.7,6.1067,-1.4067,0.047468,-29.6347,2957.4,3.1901531040842803e-169,289,6.016032670331948e-169,True
hsa-miR-5096,3.6287,4.7382,-1.1095,0.036615,-30.3035,2207.6,5.772454142125172e-169,290,1.0848232784338684e-168,True
hsa-miR-574-3p,3.644,4.6737,-1.0297,0.034262,-30.0548,2415.4,7.185865209477969e-169,291,1.3458063708472485e-168,True
hsa-miR-4731-5p,3.9235,5.127,-1.2035,0.040243,-29.9067,2483.0,4.1574515912726755e-168,292,7.759627113847972e-168,True
hsa-miR-6893-5p,4.7999,6.2246,-1.4247,0.049306,-28.8943,3848.1,2.55987762387232e-166,293,4.7615471160764996e-166,True
hsa-miR-6763-3p,3.6281,4.7014,-1.0733,0.036266,-29.5943,2531.7,1.4670850956466134e-165,294,2.719596520841511e-165,True
hsa-miR-6891-5p,4.4297,5.7733,-1.3435,0.046303,-29.0159,3289.6,5.098094562813462e-165,295,9.41851368384182e-165,True
hsa-miR-4769-3p,3.2525,4.529,-1.2765,0.043039,-29.6584,2350.8,1.7459003940404603e-164,296,3.2145801174055776e-164,True
hsa-miR-625-3p,3.4571,4.6038,-1.1467,0.038789,-29.5636,2333.9,1.984118556878761e-163,297,3.6408909545418346e-163,True
hsa-miR-3197,5.3817,7.7005,-2.3188,0.07967,-29.1057,2854.8,2.5465681409758652e-163,298,4.6573142175565317e-163,True
hsa-miR-4787-5p,8.8669,11.0836,-2.2166,0.077163,-28.7268,3540.8,2.5608086848402944e-163,299,4.6676947599931783e-163,True
hsa-miR-6754-5p,3.9203,4.7691,-0.8488,0.029014,-29.2569,2522.3,2.8965780875506964e-162,300,5.262116859050432e-162,True
hsa-miR-6802-5p,5.4939,6.8438,-1.3499,0.046505,-29.0272,2483.8,9.135116068940751e-160,301,1.6540326437118636e-159,True
hsa-miR-6892-5p,3.611,4.6562,-1.0452,0.036044,-28.9964,2482.8,1.8155382328015302e-159,302,3.27638522144647e-159,True
hsa-miR-6766-5p,4.0946,5.131,-1.0364,0.035637,-29.0819,2367.9,2.949850512401359e-159,303,5.305836730226867e-159,True
hsa-miR-4492,5.488,7.5856,-2.0975,0.073833,-28.4091,3215.0,1.3683940037324896e-158,304,2.4532063553756804e-158,True
hsa-miR-4728-5p,4.6081,5.8921,-1.284,0.044598,-28.7896,2510.6,9.485665882567628e-158,305,1.6949796413112648e-157,True
hsa-miR-4728-3p,3.6812,4.7703,-1.0891,0.037853,-28.7712,2397.5,1.2481384878495988e-156,306,2.2229917512353966e-156,True
hsa-miR-3175,3.8059,4.7994,-0.9935,0.03509,-28.3122,2952.0,3.244967527711932e-156,307,5.760610106198707e-156,True
hsa-miR-1199-5p,3.4313,4.6518,-1.2205,0.042564,-28.6756,2262.4,1.601647104656396e-154,308,2.83408335077187e-154,True
hsa-miR-6865-3p,4.0006,4.8601,-0.8595,0.030414,-28.2596,2681.0,5.2197184135477956e-154,309,9.206299467260676e-154,True
hsa-miR-4448,3.8505,5.0129,-1.1623,0.040803,-28.4866,2209.4,2.6876463689994357e-152,310,4.725055713240943e-152,True
hsa-miR-1249-5p,2.1442,4.5377,-2.3935,0.085828,-27.8872,2959.0,3.7161596571869585e-152,311,6.512241199893545e-152,True
hsa-miR-940,4.2964,5.2197,-0.9233,0.033117,-27.8801,2895.5,9.851314807788366e-152,312,1.72082261866816e-151,True
hsa-miR-4505,6.0173,7.4584,-1.4411,0.051642,-27.905,2738.7,4.956402454817529e-151,313,8.630157628995378e-151,True
hsa-miR-874-3p,3.8687,4.7762,-0.9075,0.032633,-27.8096,2872.1,6.307661139597672e-151,314,1.0948010576690228e-150,True
hsa-miR-1275,3.0272,4.8053,-1.778,0.064036,-27.7661,2864.8,1.80076779231307e-150,315,3.115614116859121e-150,True
hsa-miR-6769a-3p,3.9082,4.7772,-0.869,0.031174,-27.8751,2680.2,2.23841748765237e-150,316,3.8605618062358913e-150,True
hsa-miR-7109-5p,4.7001,5.9591,-1.259,0.045524,-27.6557,3014.6,3.13513333981638e-150,317,5.390055741955606e-150,True
hsa-miR-1908-3p,3.2024,4.5673,-1.365,0.04889,-27.9191,2495.6,1.6462633958852753e-149,318,2.821426260243632e-149,True
hsa-miR-4433a-5p,1.7397,3.6805,-1.9408,0.070269,-27.6195,2856.2,4.971854029551921e-149,319,8.494233373372404e-149,True
hsa-miR-6812-5p,3.5023,4.7737,-1.2714,0.045752,-27.7891,2302.1,8.266232514245554e-147,320,1.407842725082446e-146,True
hsa-miR-6766-3p,3.8558,4.8397,-0.9839,0.035914,-27.3973,2802.7,1.24899658971915e-146,321,2.1205705339468436e-146,True
hsa-miR-3194-5p,3.5735,4.5617,-0.9882,0.036472,-27.0952,3352.8,2.264754064173677e-146,322,3.8332017545796706e-146,True
hsa-miR-320a,3.7116,4.7696,-1.058,0.03841,-27.545,2405.6,2.0807417689004522e-145,323,3.5108491147081936e-145,True
hsa-miR-6861-5p,4.7695,5.9273,-1.1578,0.042209,-27.4314,2545.2,2.3341243412730486e-145,324,3.9262276728204054e-145,True
hsa-miR-4651,6.8301,8.5574,-1.7273,0.064112,-26.9423,3287.2,1.2372439824735142e-144,325,2.0747629859940468e-144,True
hsa-miR-6850-5p,6.8579,8.9085,-2.0506,0.07624,-26.8967,3369.7,1.598783364289903e-144,326,2.6728126795644084e-144,True
hsa-miR-5195-3p,3.9588,5.1667,-1.2079,0.044195,-27.3307,2529.1,2.5245871655143585e-144,327,4.2076452758572644e-144,True
hsa-miR-6165,3.9887,4.9226,-0.9339,0.03429,-27.2356,2551.0,1.3505928687272148e-143,328,2.244125345903451e-143,True
hsa-miR-5008-5p,3.5934,4.9436,-1.3502,0.048571,-27.7984,1950.3,1.5046967832473034e-143,329,2.492582817233375e-143,True
hsa-miR-6825-5p,3.7779,5.2367,-1.4588,0.054901,-26.5712,3979.9,2.3892538893555444e-143,330,3.945888999087187e-143,True
hsa-miR-6750-3p,3.4571,4.552,-1.095,0.040274,-27.1878,2503.0,7.66882089632537e-143,331,1.2626910539266847e-142,True
hsa-miR-6805-5p,5.7484,8.1131,-2.3646,0.088886,-26.6029,3644.1,1.1779955055554693e-142,332,1.933757682312442e-142,True
hsa-miR-3917,4.0427,4.9829,-0.9403,0.034919,-26.9269,2861.3,1.539582314987679e-142,333,2.519736821826682e-142,True
hsa-miR-4687-3p,5.748,7.3923,-1.6443,0.061637,-26.6775,3302.2,3.688525290924853e-142,334,6.018701447766601e-142,True
hsa-miR-6890-5p,3.9488,4.7271,-0.7783,0.028663,-27.1539,2438.0,4.336224445842066e-142,335,7.054454695474407e-142,True
hsa-miR-4758-5p,5.3061,6.6894,-1.3833,0.050984,-27.132,2438.5,6.79926312038015e-142,336,1.1028566668473754e-141,True
hsa-miR-4697-5p,4.8583,6.2504,-1.3921,0.051865,-26.8401,2701.2,7.182685132568249e-141,337,1.1615915125370018e-140,True
hsa-miR-6798-3p,3.4236,4.5289,-1.1053,0.041246,-26.7981,2730.4,1.204642318979713e-140,338,1.942396638591549e-140,True
hsa-miR-7160-5p,3.6642,4.5988,-0.9345,0.034816,-26.8418,2607.0,2.4415572393645887e-140,339,3.9252173907188813e-140,True
hsa-miR-8072,8.0269,10.5602,-2.5332,0.095011,-26.6626,2660.8,5.1739666058163074e-139,340,8.293564118146728e-139,True
hsa-miR-6808-5p,4.2236,5.6723,-1.4487,0.054533,-26.5662,2802.6,6.8890836619533e-139,341,1.1010412304294864e-138,True
hsa-miR-4450,3.5461,4.6969,-1.1508,0.043645,-26.368,3058.9,3.0348993651914436e-138,342,4.836316239851862e-138,True
hsa-miR-4750-5p,4.0907,5.135,-1.0443,0.039682,-26.3155,2914.9,4.068503243439257e-137,343,6.464531392636721e-137,True
hsa-miR-1470,3.8007,4.7229,-0.9223,0.035295,-26.1301,3117.8,2.8774982204593387e-136,344,4.558827122530057e-136,True
hsa-miR-197-5p,5.1981,6.1391,-0.9411,0.035893,-26.2192,2899.0,3.729762691417762e-136,345,5.89194396180487e-136,True
hsa-miR-4429,4.1917,5.1966,-1.0049,0.038396,-26.1717,2714.3,7.995628991993831e-135,346,1.259427110010589e-134,True
hsa-miR-6776-5p,3.5282,4.58,-1.0518,0.040139,-26.2046,2536.9,3.729554775764179e-134,347,5.857658077208869e-134,True
hsa-miR-939-3p,3.6495,4.5646,-0.915,0.03537,-25.8699,3109.0,8.143580132012292e-134,348,1.2753595321685917e-133,True
hsa-miR-4646-3p,3.2833,4.4024,-1.119,0.043383,-25.7943,2724.5,1.8567063287431832e-131,349,2.8994411150860596e-131,True
hsa-miR-665,4.7031,5.5839,-0.8808,0.034721,-25.3685,3709.7,4.618502524846193e-131,350,7.191668217260501e-131,True
hsa-miR-1229-3p,3.7766,4.6975,-0.9209,0.036102,-25.5088,2939.3,7.9124731835977e-130,351,1.2285748960287027e-129,True
hsa-miR-6746-5p,4.7024,5.5192,-0.8168,0.032021,-25.5078,2939.8,8.0456831609853e-130,352,1.2457094666866446e-129,True
hsa-miR-3195,5.0706,6.1587,-1.0882,0.043257,-25.1555,3695.9,4.975803080209995e-129,353,7.682188891542343e-129,True
hsa-miR-4516,7.3482,10.2841,-2.9358,0.115508,-25.4168,2418.9,1.645099784100413e-126,354,2.5327101195896184e-126,True
hsa-miR-6821-5p,5.2765,6.8412,-1.5647,0.062288,-25.1207,2965.0,2.0311320607801464e-126,355,3.118216825704732e-126,True
hsa-miR-4685-5p,3.7538,4.6125,-0.8587,0.03397,-25.2789,2607.5,2.7332117962376746e-126,356,4.184270867835766e-126,True
hsa-miR-6515-5p,3.7201,4.6858,-0.9657,0.037817,-25.535,2186.5,4.3285588462821633e-126,357,6.608024009030193e-126,True
hsa-miR-4294,6.2767,7.9735,-1.6968,0.068986,-24.597,3990.3,1.655739124118111e-124,358,2.5206084431406995e-124,True
hsa-miR-149-3p,5.9819,7.4774,-1.4954,0.060899,-24.5559,3619.9,2.7232551727621965e-123,359,4.1341896076752006e-123,True
hsa-miR-6775-5p,5.4528,6.8164,-1.3635,0.054677,-24.938,2584.0,3.505861083223273e-123,360,5.307484139879677e-123,True
hsa-miR-4763-3p,5.1136,6.7346,-1.621,0.065223,-24.8527,2531.0,3.4830805425048654e-122,361,5.25839029270125e-122,True
hsa-miR-6756-5p,5.2613,6.511,-1.2497,0.050467,-24.7633,2609.6,8.956861007822359e-122,362,1.3484776931666258e-121,True
hsa-miR-6886-3p,3.5615,4.5626,-1.0011,0.040777,-24.5496,2758.8,1.5359902290412451e-120,363,2.3061010325825855e-120,True
hsa-miR-6729-5p,7.6084,9.8964,-2.288,0.09462,-24.1805,3609.3,7.54644554390639e-120,364,1.1298936322607094e-119,True
hsa-miR-4646-5p,3.5218,4.62,-1.0981,0.044248,-24.8176,2103.8,1.8017563590803577e-119,365,2.690293741640534e-119,True
hsa-miR-7851-3p,3.7311,4.6867,-0.9556,0.039682,-24.0802,3360.9,2.483181558651769e-118,366,3.697633741708235e-118,True
hsa-miR-3185,3.9528,5.4378,-1.485,0.060925,-24.3737,2197.3,2.421025133088155e-116,367,3.595255306629549e-116,True
hsa-miR-920,3.9039,4.7155,-0.8116,0.033762,-24.0384,2744.9,4.880798165969197e-116,368,7.228355979492424e-116,True
hsa-miR-6765-5p,6.4229,8.1824,-1.7595,0.074318,-23.6748,3898.9,6.867043095783253e-116,369,1.0142380724124318e-115,True
hsa-miR-3151-5p,3.5774,4.5326,-0.9552,0.040057,-23.8463,2965.4,3.9458532139110463e-115,370,5.812135139409514e-115,True
hsa-miR-8073,4.2704,5.1953,-0.9249,0.038368,-24.1063,2354.9,6.089233809001161e-115,371,8.94510087845184e-115,True
hsa-miR-6795-5p,4.0775,4.9999,-0.9224,0.038711,-23.8279,2722.7,3.830849203432174e-114,372,5.6124000426627286e-114,True
hsa-miR-6076,4.4067,5.6478,-1.2411,0.052899,-23.4623,3917.2,5.142202380166921e-114,373,7.513405622495902e-114,True
hsa-miR-629-3p,3.4908,4.5766,-1.0858,0.04535,-23.9433,2301.6,2.594546090442215e-113,374,3.780822511473281e-113,True
hsa-miR-4689,5.5865,6.8522,-1.2657,0.053886,-23.4882,3403.0,3.4553383331332696e-113,375,5.0217583774870185e-113,True
hsa-miR-6858-5p,5.5286,6.6259,-1.0973,0.04628,-23.7108,2631.1,8.453415029724795e-113,376,1.2252955295744715e-112,True
hsa-miR-7108-3p,3.8546,4.7071,-0.8525,0.036329,-23.4664,3005.3,5.856719762400887e-112,377,8.46661079710473e-112,True
hsa-miR-6738-5p,4.7669,5.5518,-0.7849,0.033603,-23.3576,3067.8,3.37855999393434e-111,378,4.871204224058771e-111,True
hsa-miR-6796-3p,3.7778,4.6701,-0.8923,0.038384,-23.2464,3219.4,1.2361682343198135e-110,379,1.777603397636671e-110,True
hsa-miR-6797-5p,3.7634,4.737,-0.9737,0.041852,-23.2644,3037.3,2.6057043904222085e-110,380,3.737128665210799e-110,True
hsa-miR-296-5p,5.0265,5.7911,-0.7646,0.033325,-22.9425,3714.5,4.769368478565313e-109,381,6.822324989023872e-109,True
hsa-miR-4723-5p,5.2162,6.3826,-1.1664,0.050967,-22.8852,3911.2,6.883031845268443e-109,382,9.820032344689271e-109,True
hsa-miR-6717-5p,3.8326,4.9339,-1.1013,0.047048,-23.4068,2305.2,6.933825630673056e-109,383,9.86667093659743e-109,True
hsa-miR-548q,3.6918,4.6068,-0.915,0.039688,-23.054,3036.4,1.6620406781579274e-108,384,2.3588858583231e-108,True
hsa-miR-6894-3p,3.7519,4.6363,-0.8843,0.038516,-22.96,3049.3,9.714945122934691e-108,385,1.3752324914284172e-107,True
hsa-miR-6790-3p,3.6881,4.5366,-0.8485,0.037052,-22.8999,3210.2,1.2545789367286537e-107,386,1.7713614521168817e-107,True
hsa-miR-6879-5p,5.5872,6.9002,-1.3131,0.05754,-22.8202,3313.9,3.503377663602273e-107,387,4.933697226519997e-107,True
hsa-miR-451a,3.6862,4.7658,-1.0795,0.046283,-23.3246,1898.6,5.129362811163434e-106,388,7.204903948670287e-106,True
hsa-miR-557,3.7812,4.8893,-1.1081,0.048693,-22.7564,3051.6,5.135876087243504e-106,389,7.195507628657352e-106,True
hsa-miR-4736,3.7751,4.8368,-1.0618,0.046351,-22.907,2224.2,1.9256524817907756e-104,390,2.6909759040409557e-104,True
hsa-miR-6781-5p,6.0266,7.6383,-1.6117,0.07229,-22.2954,3958.3,7.885519625002341e-104,391,1.09913253085071e-103,True
hsa-miR-4515,3.7442,4.6884,-0.9442,0.041124,-22.9598,1893.1,4.058170512796937e-103,392,5.642099309883496e-103,True
hsa-miR-7847-3p,4.2179,5.2531,-1.0352,0.045939,-22.5347,2672.2,4.271562016274575e-103,393,5.923667427149219e-103,True
hsa-miR-1207-5p,4.474,5.5247,-1.0507,0.047324,-22.2027,3256.8,8.070177235098455e-102,394,1.116306241910827e-101,True
hsa-miR-6765-3p,4.6188,5.4238,-0.805,0.036646,-21.9677,2579.8,3.414275305889112e-98,395,4.7108355486318125e-98,True
hsa-miR-423-5p,4.583,5.4724,-0.8894,0.04118,-21.5973,3833.2,1.0198365569952888e-97,396,1.4035629382889707e-97,True
hsa-miR-6086,3.7387,4.5927,-0.854,0.038957,-21.9221,2504.2,1.3616567244123528e-97,397,1.8692768634879908e-97,True
hsa-miR-6895-5p,3.8192,4.6878,-0.8687,0.039987,-21.7242,3119.3,1.458396730145231e-97,398,1.997050798816962e-97,True
hsa-miR-6877-5p,4.4608,5.3702,-0.9093,0.042133,-21.5818,3635.4,2.665049245649212e-97,399,3.640230172628623e-97,True
hsa-miR-1343-3p,4.2169,4.9829,-0.7659,0.035566,-21.5358,2757.9,3.270768052683463e-95,400,4.4564214717812183e-95,True
hsa-miR-4638-5p,3.6388,4.5366,-0.8978,0.042043,-21.3535,3188.7,1.1403803553831967e-94,401,1.5498935004584597e-94,True
hsa-miR-6756-3p,3.7917,4.5705,-0.7788,0.036688,-21.227,3506.0,3.5695102717808314e-94,402,4.839261438110829e-94,True
hsa-miR-4749-3p,3.7643,4.5586,-0.7942,0.037534,-21.1601,3456.0,1.5017758319366893e-93,403,2.0309375394677315e-93,True
hsa-miR-4419b,4.3645,5.1306,-0.7662,0.036126,-21.2082,2562.7,4.2057270618604054e-92,404,5.6735674473116854e-92,True
hsa-miR-7113-3p,3.7171,4.6202,-0.903,0.042715,-21.1414,2739.7,5.033744926954819e-92,405,6.773804901704633e-92,True
hsa-miR-211-3p,4.4257,5.253,-0.8273,0.039007,-21.2083,2495.5,6.436981656713973e-92,406,8.640775869234273e-92,True
hsa-miR-7106-5p,3.9026,4.799,-0.8964,0.042488,-21.0984,2635.1,1.980279509364129e-91,407,2.65172563293231e-91,True
hsa-miR-4498,3.8557,4.6432,-0.7874,0.037374,-21.0696,2530.5,6.245749036030106e-91,408,8.342973589795118e-91,True
hsa-miR-1281,3.7863,4.5774,-0.791,0.037998,-20.8179,3285.9,1.6237438449425822e-90,409,2.163668448639871e-90,True
hsa-miR-4257,4.7279,5.426,-0.6981,0.033788,-20.6614,3761.7,6.358580776769929e-90,410,8.452259813023442e-90,True
hsa-miR-6778-5p,4.74,5.5327,-0.7927,0.038312,-20.6899,2761.5,1.5809788063515e-88,411,2.096431750514763e-88,True
hsa-miR-6721-5p,4.369,5.4232,-1.0542,0.051786,-20.3566,3752.1,1.8276420604273951e-87,412,2.4176333080896366e-87,True
hsa-miR-4706,5.081,6.0182,-0.9371,0.045392,-20.6456,2377.5,3.067141345210035e-87,413,4.0474383368994405e-87,True
hsa-miR-4723-3p,3.7674,4.5024,-0.735,0.036205,-20.3005,3333.4,1.7568740664587002e-86,414,2.3127931551207524e-86,True
hsa-miR-4787-3p,3.8347,4.5716,-0.7369,0.036561,-20.1556,3379.6,2.0759307793960774e-85,415,2.726222348845451e-85,True
hsa-miR-92a-2-5p,4.1634,5.6195,-1.4561,0.072838,-19.9908,4015.9,7.80723586574089e-85,416,1.0228229679876888e-84,True
hsa-miR-6742-5p,3.7706,4.5635,-0.7929,0.03912,-20.2677,2543.0,8.687978445280889e-85,417,1.1354791972849123e-84,True
hsa-miR-7111-5p,4.5338,5.567,-1.0332,0.051777,-19.9549,3951.4,1.73369553441388e-84,418,2.2604403498936952e-84,True
hsa-miR-6792-3p,3.8253,4.5283,-0.703,0.035105,-20.0259,3366.1,2.2343970994806745e-84,419,2.906316036317345e-84,True
hsa-miR-4710,3.5802,4.5979,-1.0177,0.050399,-20.1932,2182.5,2.8493968767429435e-83,420,3.697431661487867e-83,True
hsa-miR-6125,7.8982,9.6335,-1.7353,0.087446,-19.8438,3221.6,9.036700827264419e-83,421,1.1698341926031136e-82,True
hsa-miR-328-5p,6.788,8.5515,-1.7635,0.089076,-19.7978,2977.5,4.71623448256472e-82,422,6.090871547388086e-82,True
hsa-miR-3158-5p,3.837,4.5838,-0.7468,0.038059,-19.6232,2412.3,1.154904186348851e-79,423,1.4879971195274793e-79,True
hsa-miR-371a-5p,4.6671,5.3702,-0.7031,0.036148,-19.4522,3100.6,1.2904361639529543e-79,424,1.6586974277225474e-79,True
hsa-miR-663a,5.5777,7.5971,-2.0194,0.103131,-19.5811,2139.6,1.1470834274106581e-78,425,1.470965806914844e-78,True
hsa-miR-6887-5p,4.2935,5.1042,-0.8107,0.042117,-19.2487,2674.5,1.974407218834109e-77,426,2.525943507663356e-77,True
hsa-miR-4472,3.6605,4.4752,-0.8147,0.042854,-19.0109,3495.5,9.13399519481374e-77,427,1.1658143749820817e-76,True
hsa-miR-6085,6.3837,7.7433,-1.3596,0.071921,-18.9043,3393.3,7.305991600131245e-76,428,9.303190238484881e-76,True
hsa-miR-6791-5p,5.6864,6.8912,-1.2048,0.063915,-18.8494,3810.3,7.589016228231211e-76,429,9.641057912321703e-76,True
hsa-miR-1268a,6.3402,7.9154,-1.5752,0.08552,-18.4187,3726.5,1.4125022220696216e-72,430,1.790264444251032e-72,True
hsa-miR-7641,4.1269,4.9848,-0.8579,0.046344,-18.5108,2980.8,1.6839960621745297e-72,431,2.1294149742114122e-72,True
hsa-miR-1268b,6.1479,7.4114,-1.2635,0.068818,-18.3599,4006.0,2.3671817797938855e-72,432,2.9863751620084897e-72,True
hsa-miR-4745-5p,6.3407,8.4962,-2.1555,0.116898,-18.4388,2708.3,1.294700748865018e-71,433,1.6295887023820665e-71,True
hsa-miR-6724-5p,5.7451,7.1951,-1.45,0.079955,-18.1356,3255.1,4.222065290629002e-70,434,5.301902265882041e-70,True
hsa-miR-7110-5p,3.9124,4.9563,-1.0439,0.058253,-17.9204,3672.9,6.488694036942321e-69,435,8.12951321869785e-69,True
hsa-miR-4675,4.8312,5.6902,-0.859,0.04745,-18.1025,2467.3,7.172181437049842e-69,436,8.965226796312302e-69,True
hsa-miR-4690-5p,4.092,4.8421,-0.7501,0.041662,-18.0039,2491.6,3.176860330348537e-68,437,3.961988283844285e-68,True
hsa-miR-4632-5p,5.7128,6.5971,-0.8843,0.050078,-17.658,3669.8,4.866215029113046e-67,438,6.054993586453447e-67,True
hsa-miR-6126,7.1892,8.6276,-1.4384,0.083291,-17.2699,3513.4,3.307000536507627e-64,439,4.1055018050037745e-64,True
hsa-miR-6787-5p,5.3909,6.3425,-0.9517,0.054853,-17.3494,2400.3,1.2875458115735075e-63,440,1.59480106206264e-63,True
hsa-miR-638,8.9053,10.1386,-1.2333,0.072611,-16.9844,4015.3,1.560061867551131e-62,441,1.9279676140938012e-62,True
hsa-miR-762,7.5072,9.5202,-2.013,0.120842,-16.6582,3490.2,5.169715216150108e-60,442,6.374422608148889e-60,True
hsa-miR-4695-5p,5.0676,5.8527,-0.7851,0.047459,-16.5431,3874.2,1.8799760224361024e-59,443,2.3128373187983653e-59,True
hsa-miR-6798-5p,5.3218,6.8586,-1.5369,0.094114,-16.3297,3750.5,5.801265134142623e-58,444,7.120922293035428e-58,True
hsa-miR-6800-3p,3.815,4.4691,-0.654,0.040389,-16.1934,3647.4,5.222535699997373e-57,445,6.39613922808667e-57,True
hsa-miR-6777-5p,4.1992,4.8468,-0.6476,0.040751,-15.8923,3860.3,3.8775767244895635e-55,446,4.73829442790765e-55,True
hsa-miR-4322,3.9798,4.5327,-0.5529,0.035094,-15.7554,3424.5,4.777654885418115e-54,447,5.825104949782713e-54,True
hsa-miR-6088,7.6582,6.1807,1.4775,0.094086,15.7035,3994.1,5.715008391889924e-54,448,6.952409762455377e-54,True
hsa-miR-3665,7.8496,9.7389,-1.8892,0.120873,-15.6297,3411.7,3.0752214315220403e-53,449,3.7327297999543694e-53,True
hsa-miR-4447,4.1556,4.8041,-0.6485,0.041568,-15.5998,3423.6,4.699418900038199e-53,450,5.691518445601819e-53,True
hsa-miR-3960,10.4316,11.9609,-1.5293,0.098361,-15.5483,3485.9,9.294193201218196e-53,451,1.1231342116771435e-52,True
hsa-miR-1185-1-3p,5.3267,6.0997,-0.773,0.049657,-15.5659,3004.8,1.3312194213012844e-52,452,1.6051207624097345e-52,True
hsa-miR-6087,7.2257,5.2164,2.0093,0.131313,15.3013,3590.7,2.9994797382154533e-51,453,3.608645601164287e-51,True
hsa-miR-1237-5p,6.7643,4.708,2.0563,0.134354,15.3052,3508.8,3.080651408572353e-51,454,3.698138805444785e-51,True
hsa-miR-128-2-5p,6.549,7.8767,-1.3277,0.086642,-15.3244,2467.8,1.0533862994155942e-50,455,1.2617484245747227e-50,True
hsa-miR-6726-5p,4.7871,6.0039,-1.2168,0.080261,-15.1608,2971.4,4.579575167511701e-50,456,5.473395759416397e-50,True
hsa-miR-3178,6.9561,8.2714,-1.3153,0.08738,-15.0521,3926.9,8.007154063834912e-50,457,9.549013052056952e-50,True
hsa-miR-4430,3.8036,4.4836,-0.68,0.045567,-14.9234,3366.8,8.158355729531319e-49,458,9.708087058066744e-49,True
hsa-miR-4507,4.1356,4.7234,-0.5878,0.039937,-14.7184,3861.7,9.449341835061354e-48,459,1.1219806754048885e-47,True
hsa-miR-6803-5p,6.0915,7.5699,-1.4784,0.1013,-14.5943,3138.8,1.001227051320399e-46,460,1.1862363977600381e-46,True
hsa-miR-6089,8.8625,6.964,1.8986,0.131027,14.4898,4014.7,2.0478386708279637e-46,461,2.420980641217441e-46,True
hsa-miR-4739,6.2664,7.7552,-1.4888,0.102463,-14.5299,3034.2,2.709251420466711e-46,462,3.195978407260514e-46,True
hsa-miR-744-5p,5.5348,6.209,-0.6742,0.04716,-14.2965,3906.3,3.1251409923679054e-45,463,3.6786216864805796e-45,True
hsa-miR-675-5p,4.4743,5.0199,-0.5456,0.038442,-14.1939,3437.8,1.7619858240419649e-44,464,2.0695738666010148e-44,True
hsa-miR-6757-5p,5.1873,5.8105,-0.6232,0.044112,-14.1278,3453.5,4.2311690204633833e-44,465,4.959112077747407e-44,True
hsa-miR-8059,5.6884,6.652,-0.9636,0.068283,-14.1119,1717.8,7.220174085388753e-43,466,8.444195014027618e-43,True
hsa-miR-1225-5p,4.5546,3.7192,0.8354,0.060736,13.754,4001.9,4.3109996993618354e-42,467,5.0310381930453963e-42,True
hsa-miR-642b-3p,6.1429,6.9087,-0.7659,0.055689,-13.7525,2238.9,2.2516285155273754e-41,468,2.6220887627402125e-41,True
hsa-miR-4327,5.8118,6.5176,-0.7058,0.052918,-13.3381,3689.9,1.135630325773903e-39,469,1.3196557090549618e-39,True
hsa-miR-6780b-5p,5.6977,6.7824,-1.0847,0.083917,-12.9253,3138.2,2.846122736514173e-37,470,3.3002912582983495e-37,True
hsa-miR-6816-5p,4.816,3.4422,1.3738,0.107945,12.7265,3711.5,2.3958884260477425e-36,471,2.7723125099703177e-36,True
hsa-miR-6786-5p,8.0945,9.2946,-1.2,0.094423,-12.7091,3950.1,2.6813720893742604e-36,472,3.0960758235359577e-36,True
hsa-miR-4454,5.9635,4.8282,1.1352,0.089403,12.6979,3360.3,4.053495566793895e-36,473,4.670518147785778e-36,True
hsa-miR-6848-5p,3.6152,4.4222,-0.807,0.063709,-12.6675,3326.2,5.9784359310265134e-36,474,6.87394004727732e-36,True
hsa-miR-4674,5.2625,6.2959,-1.0334,0.082425,-12.5373,3790.7,2.3237975063841816e-35,475,2.666251875746061e-35,True
hsa-miR-652-5p,3.9583,4.4858,-0.5275,0.0423,-12.4697,3788.8,5.263938780720384e-35,476,6.026988730026491e-35,True
hsa-miR-4508,8.9423,7.607,1.3352,0.107891,12.3755,3896.9,1.5660159775450348e-34,477,1.7892635382852074e-34,True
hsa-miR-6727-5p,5.5109,7.0913,-1.5804,0.129114,-12.2407,3153.8,1.0820715850546051e-33,478,1.233742706809121e-33,True
hsa-miR-1273g-3p,4.6765,5.2334,-0.5569,0.04563,-12.2038,3456.8,1.4403298299176655e-33,479,1.638788637380225e-33,True
hsa-miR-1260b,3.8898,4.7976,-0.9078,0.075137,-12.0825,2720.3,8.89025594074837e-33,480,1.0094144766058046e-32,True
hsa-miR-4532,9.3246,8.2171,1.1075,0.091775,12.0674,2906.8,9.395067551121883e-33,481,1.0645138909275314e-32,True
hsa-miR-4484,5.9102,4.5603,1.3499,0.115849,11.6522,3779.8,7.488515162013446e-31,482,8.46730448816873e-31,True
hsa-miR-8063,5.156,5.7668,-0.6107,0.05261,-11.6086,3293.6,1.4549523942950142e-30,483,1.6417164697531734e-30,True
hsa-miR-6132,5.3529,6.0788,-0.7259,0.062737,-11.5701,3678.0,1.953359749967891e-30,484,2.1995476523398772e-30,True
hsa-miR-3194-3p,3.9512,4.5493,-0.5981,0.051671,-11.5746,1985.5,4.980674502407856e-30,485,5.596840420231508e-30,True
hsa-miR-6131,6.6989,5.8006,0.8984,0.079578,11.289,1756.7,1.396972458457756e-28,486,1.5665637651429569e-28,True
hsa-miR-3656,5.521,6.7917,-1.2707,0.119283,-10.6526,3030.5,4.8689632708074967e-26,487,5.448839799979642e-26,True
hsa-miR-4649-5p,7.1596,7.8248,-0.6651,0.062579,-10.629,3166.7,5.949533388904358e-26,488,6.644458395395236e-26,True
hsa-miR-7975,5.1006,5.5932,-0.4927,0.046418,-10.6143,2314.3,9.884339767090472e-26,489,1.1016288697473023e-25,False
hsa-miR-4732-5p,4.514,4.8461,-0.3321,0.031466,-10.5539,2921.7,1.398844386470549e-25,490,1.5558575318907128e-25,False
hsa-miR-4442,5.5917,6.3036,-0.7119,0.06764,-10.5256,3401.6,1.6179100387633008e-25,491,1.7958471917026456e-25,True
hsa-miR-4466,6.4003,7.7771,-1.3768,0.131595,-10.4625,3164.7,3.2935294126145783e-25,492,3.6483201826726525e-25,True
hsa-miR-7150,5.0172,4.3183,0.6989,0.068523,10.1988,4010.9,3.945065708083123e-24,493,4.3611781154265766e-24,True
hsa-miR-4783-3p,5.0774,4.6316,0.4459,0.043886,10.16,2596.7,8.287449131821102e-24,494,9.143035985511134e-24,False
hsa-miR-1238-5p,4.0644,4.5156,-0.4512,0.045347,-9.9508,2334.3,7.091269098584488e-23,495,7.807558906522314e-23,False
hsa-miR-5100,3.8593,4.8126,-0.9532,0.096673,-9.8604,2924.8,1.3845492653960173e-22,496,1.5213293339532852e-22,True
hsa-miR-6784-5p,6.716,5.5406,1.1755,0.125301,9.3811,3936.4,1.0719687797128004e-20,497,1.175498963668966e-20,True
hsa-miR-5787,7.9004,6.6487,1.2516,0.14052,8.9073,3727.2,8.014494822070703e-19,498,8.770882887607496e-19,True
hsa-miR-4443,4.3026,4.7657,-0.4631,0.052098,-8.8891,3748.9,9.382562743373731e-19,499,1.024748836701139e-18,False
hsa-miR-4258,4.664,5.2731,-0.6091,0.06841,-8.9034,2708.0,9.705099331116286e-19,500,1.0578558270916752e-18,True
hsa-miR-6857-5p,3.4572,3.912,-0.4549,0.051219,-8.8805,3934.6,9.925696623239448e-19,501,1.0797414490350298e-18,False
hsa-miR-1260a,4.4791,4.7964,-0.3174,0.035786,-8.8687,3294.3,1.188964690124058e-18,502,1.2908082791187482e-18,False
hsa-miR-3196,5.9419,7.015,-1.0731,0.123345,-8.6997,3347.8,5.129807945394387e-18,503,5.558141809622149e-18,True
hsa-miR-6889-5p,4.3642,4.8664,-0.5021,0.058432,-8.5936,4015.4,1.1893451771145007e-17,504,1.2860974633480216e-17,True
hsa-miR-7977,4.6751,5.2206,-0.5455,0.065135,-8.3745,2709.3,8.776148806765605e-17,505,9.471289306311395e-17,True
hsa-miR-3940-5p,6.6984,7.5853,-0.8868,0.10614,-8.3555,3971.1,8.904443964940422e-17,506,9.590754863423973e-17,True
hsa-miR-1469,7.3091,6.4988,0.8103,0.09778,8.2866,4002.5,1.5730645706072567e-16,507,1.690966846116282e-16,True
hsa-miR-4497,8.0577,8.9016,-0.8439,0.102482,-8.2346,3494.0,2.5163983631104286e-16,508,2.699679346250361e-16,True
hsa-miR-92b-5p,4.3489,5.0718,-0.723,0.088085,-8.2075,2824.0,3.393856941061879e-16,509,3.633893974221462e-16,True
hsa-miR-1185-2-3p,5.1093,5.4813,-0.372,0.045489,-8.1781,3116.9,4.149226642640686e-16,510,4.433977490665047e-16,False
hsa-miR-6749-5p,6.2194,6.7865,-0.5671,0.070077,-8.0924,3847.4,7.773508664467875e-16,511,8.290728419050865e-16,True
hsa-miR-6752-5p,5.362,4.3765,0.9855,0.122746,8.0287,3435.0,1.3398816171676319e-15,512,1.4262411745241394e-15,True
hsa-miR-4725-3p,5.4336,6.0624,-0.6288,0.079177,-7.9418,3637.8,2.634182870877659e-15,513,2.798498371595174e-15,True
hsa-miR-663b,5.3321,5.7492,-0.4171,0.052641,-7.9243,3683.9,3.0138325862606954e-15,514,3.195600699439842e-15,False
hsa-miR-658,4.1778,4.4772,-0.2993,0.03984,-7.5129,3502.0,7.29811098778722e-14,515,7.723243666687446e-14,False
hsa-miR-4459,5.6687,6.1628,-0.4941,0.071705,-6.8908,3980.5,6.420433961067855e-12,516,6.781272303841049e-12,False
hsa-miR-614,5.6566,6.0795,-0.4228,0.061554,-6.869,1867.2,8.775390205781463e-12,517,9.250653118280266e-12,False
hsa-miR-3663-3p,8.3929,8.8318,-0.4389,0.064639,-6.7894,3975.8,1.293434236605302e-11,518,1.3608526234553854e-11,False
hsa-miR-619-5p,3.8113,4.1763,-0.365,0.056182,-6.4959,3258.2,9.511423559113143e-11,519,9.987911059184322e-11,False
hsa-miR-6789-5p,5.708,6.1603,-0.4523,0.074299,-6.0876,3860.3,1.2576027099206562e-09,520,1.3180643786668417e-09,False
hsa-miR-6768-5p,5.3024,5.7652,-0.4628,0.081277,-5.6947,3939.4,1.3259437496611806e-08,521,1.3870236920639988e-08,False
hsa-miR-4708-3p,4.1137,4.4579,-0.3442,0.060405,-5.6977,1934.4,1.4011523811152539e-08,522,1.4628889802831672e-08,False
hsa-miR-939-5p,4.1557,3.8427,0.313,0.061883,5.0584,3985.3,4.4190118472155535e-07,523,4.604897622815443e-07,False
hsa-miR-1233-5p,8.5714,8.1994,0.372,0.073593,5.0543,3205.7,4.562592115971245e-07,524,4.745444090084596e-07,False
hsa-miR-4488,7.5273,6.8502,0.6771,0.14176,4.7761,3605.8,1.858735128992589e-06,525,1.9295440862875448e-06,True
hsa-miR-1246,4.3948,4.6323,-0.2376,0.050186,-4.7338,1753.8,2.380067530939424e-06,526,2.466039552018985e-06,False
hsa-miR-1307-3p,5.2063,5.3895,-0.1832,0.040248,-4.552,1758.9,5.677714681934041e-06,527,5.8716404205959244e-06,False
hsa-miR-6869-5p,8.4564,8.948,-0.4916,0.108964,-4.5113,3990.6,6.6271999668374e-06,528,6.840575723345423e-06,False
hsa-miR-6885-5p,7.1192,6.682,0.4371,0.096894,4.5114,3827.2,6.6330387196473485e-06,529,6.833659928559177e-06,False
hsa-miR-6090,9.5432,9.0396,0.5036,0.111745,4.5068,3896.9,6.774598508487378e-06,530,6.966332428538908e-06,True
hsa-miR-7704,7.7303,7.1281,0.6022,0.138408,4.3509,3748.8,1.3921830417671365e-05,531,1.42888843269885e-05,True
hsa-miR-7107-5p,4.8793,4.6923,0.187,0.057159,3.2716,4015.7,0.0010785451923777582,532,0.0011049006200110493,False
hsa-miR-4734,9.4084,9.1489,0.2595,0.086025,3.0171,3581.7,0.0025700299867994964,533,0.0026278918251514552,False
hsa-miR-4286,4.3515,4.2553,0.0962,0.036686,2.6218,3793.4,0.00878208195527985,534,0.008962986265220073,False
hsa-miR-4665-5p,5.5123,5.6725,-0.1602,0.064682,-2.4771,3982.7,0.01328724266042643,535,0.01353560233632225,False
hsa-miR-885-3p,4.4052,4.4769,-0.0717,0.034617,-2.0719,3016.3,0.038359240837868264,536,0.03900333256835486,False
hsa-miR-4417,3.9359,4.0843,-0.1484,0.077913,-1.9048,3512.5,0.0568875524341258,537,0.05773503924878689,False
hsa-miR-4433b-3p,4.6719,4.7999,-0.128,0.069959,-1.8294,3890.8,0.06741848902256056,538,0.06829568125891358,False
hsa-miR-2861,7.1917,6.9906,0.2011,0.120257,1.6724,3714.1,0.09452475893409082,539,0.09557698259569479,False
hsa-miR-3621,6.637,6.7908,-0.1537,0.101409,-1.5161,3842.1,0.1295725967825561,540,0.13077234304906124,False
hsa-miR-6743-5p,5.4798,5.6141,-0.1343,0.091007,-1.4756,3613.2,0.14014144006306126,541,0.1411776059784998,False
hsa-miR-204-3p,7.1126,6.957,0.1556,0.130968,1.1883,3859.3,0.2347828878072448,542,0.2360824240866207,False
hsa-miR-4463,5.8654,5.9826,-0.1171,0.103098,-1.1362,3634.5,0.2559489422078183,543,0.2568916639102412,False
hsa-miR-6769a-5p,4.5856,4.6232,-0.0376,0.044056,-0.8536,3679.5,0.39339756821885774,544,0.39412072551337773,False
hsa-miR-2467-3p,4.2769,4.3136,-0.0367,0.0534,-0.6864,2686.3,0.4925459179852826,545,0.4925459179852826,False
