mirna,baseMean,log2FoldChange,lfcSE,stat,pvalue,padj,significant
hsa-miR-1246,30.107082637148057,1.4784342692277737,0.033430227674975665,44.22447503504326,0.0,0.0,True
hsa-miR-575,61.524099837264615,-1.261009407718115,0.026326355051657816,-47.89912637901262,0.0,0.0,True
hsa-miR-1307-3p,43.63886406652703,1.2799536025693081,0.023794454926372045,53.79209595386447,0.0,0.0,True
hsa-miR-486-3p,82.51045919217931,-1.1556416168670343,0.028564071094542624,-40.45787496614332,0.0,0.0,True
hsa-miR-1908-5p,1046.946889013618,-1.9106356674401919,0.03771514682026531,-50.65963753357467,0.0,0.0,True
hsa-miR-4783-3p,35.212123703925855,1.7070094703980059,0.030225273260885595,56.47622953361484,0.0,0.0,True
hsa-miR-4732-5p,27.486379833685938,0.9598930907491887,0.02236573473691049,42.91802178826093,0.0,0.0,True
hsa-miR-125a-3p,32.51958544948145,-1.2655436090355854,0.03261991349606917,-38.79665742179507,0.0,0.0,True
hsa-miR-4708-3p,31.832074774969094,1.6259563691423635,0.04262856974056263,38.142409633678305,0.0,0.0,True
hsa-miR-4532,875.3422657502207,2.0451787958401093,0.05390854666939496,37.93793233534158,0.0,0.0,True
hsa-miR-1228-5p,718.124730373419,-1.9924825734546512,0.047666819556070814,-41.8001996359518,0.0,0.0,True
hsa-miR-6131,169.40777540347608,2.812815040645911,0.04966299769606149,56.638043838199096,0.0,0.0,True
hsa-miR-8071,56.09883105860938,-1.1876508051704302,0.030361518742727956,-39.11697617086071,0.0,0.0,True
hsa-miR-4271,75.2318002437334,-1.4506899251969134,0.03542064428072763,-40.95605697342535,0.0,0.0,True
hsa-miR-1202,44.601477893002134,-1.0535647994993582,0.025033423352182685,-42.086325337021755,0.0,0.0,True
hsa-miR-885-3p,23.560371174491724,1.100819882561235,0.024509459109304257,44.91408307510723,0.0,0.0,True
hsa-miR-4286,22.521506011951374,1.1418254946641102,0.028801139851885548,39.64514948144865,0.0,0.0,True
hsa-miR-3180-3p,135.79365921131696,-1.3298439117615302,0.035734352862712676,-37.21471931702917,3.944806019078426e-303,1.1943996002209678e-301,True
hsa-miR-614,77.89407898424851,1.232864559859358,0.034429936223564536,35.80792458789281,8.31399730167518e-281,2.3848044891647226e-279,True
hsa-miR-6800-5p,103.64365080263721,-1.3241142985167424,0.03887815781744411,-34.058051431712386,3.0847230686104212e-254,8.405870361963398e-253,True
hsa-miR-135a-3p,30.80975386074675,-1.2466327766245364,0.036737729113991986,-33.93331070509043,2.1502855585095893e-252,5.58050299708441e-251,True
hsa-miR-4281,469.13213553526555,-1.7528336242994154,0.05640317228742289,-31.076862403540243,4.948396549362422e-212,1.2258527815466e-210,True
hsa-miR-4530,222.239206884854,-1.273534519356861,0.04110556748444283,-30.982044460007856,9.409096110356736e-211,2.2295466870193135e-209,True
hsa-miR-887-3p,44.345286293566154,-0.866287646347604,0.027977137344864678,-30.964127446963936,1.6398655477548802e-210,3.723861348026707e-209,True
hsa-miR-1260a,27.645363832285042,0.8128253303019976,0.026472232041198966,30.704827950925722,4.9067674137940694e-207,1.0696752962071073e-205,True
hsa-miR-1238-5p,22.759327344715338,0.8589334450209184,0.02806873113179115,30.60107850931939,1.1841786793184193e-205,2.4822206931866864e-204,True
hsa-miR-2467-3p,33.65726556039023,1.4687786142102803,0.048065914277477244,30.557592345611983,4.482793829633151e-205,9.048602359815065e-204,True
hsa-miR-6769a-5p,29.17816095453964,0.972995652227178,0.03250580234457484,29.932983715123378,7.32754782792399e-197,1.4262548450780623e-195,True
hsa-miR-5090,46.55937789156007,-0.9588456285172374,0.03216419039461757,-29.810967313440997,2.8162810675490584e-195,5.292666144187023e-194,True
hsa-miR-6805-5p,365.0738634623509,-1.6853787602338062,0.05659602567168378,-29.779100921516434,7.285926444654665e-195,1.323609970778931e-193,True
hsa-miR-1343-5p,192.85808001075014,-1.4404142678536718,0.04876877702020821,-29.53558313051013,1.0059045375134266e-191,1.7684450740155404e-190,True
hsa-miR-1915-3p,237.30329148983438,-1.6848158116291687,0.057530012114579164,-29.285858801378648,1.570157474386669e-188,2.6741744485647953e-187,True
hsa-miR-4486,60.087601146165305,-0.7473279252112133,0.025855287615092905,-28.904258824603602,1.0554943410302604e-183,1.7431648965499755e-182,True
hsa-miR-711,89.53101070558932,-0.9341455771735409,0.03270649105361945,-28.561473489836935,2.023392360520939e-179,3.243378930835035e-178,True
hsa-miR-3194-3p,25.200257025636404,0.9929180194510056,0.03477709696623492,28.550917300976263,2.7362512960788184e-179,4.2607341610370173e-178,True
hsa-miR-6729-5p,1239.7038930332262,-1.5958696600608968,0.055944509313880154,-28.525938999789428,5.5862231373052056e-179,8.456921138420381e-178,True
hsa-miR-6805-3p,53.0772476833451,-0.8063393805130145,0.028296316552097602,-28.496266608709558,1.3031039837103758e-178,1.9194369489787969e-177,True
hsa-miR-1913,33.15751813723116,-0.6304254561518516,0.022281506950472086,-28.29366333045506,4.135505308211297e-176,5.931185244671466e-175,True
hsa-miR-1233-5p,524.6155953768917,1.3107427799263633,0.046821259266427315,27.994607587716413,1.88991864876274e-172,2.641040163014598e-171,True
hsa-miR-3648,951.530949010039,-1.434873960325538,0.05128301942215476,-27.979514008601033,2.884918467744078e-172,3.9307014123013064e-171,True
hsa-miR-150-3p,23.131636506393768,-0.8741896354860507,0.03150584423518256,-27.746904001697676,1.8990040460544068e-169,2.5242858660967118e-168,True
hsa-miR-4467,342.9099373447606,-0.868316538709972,0.03187774108557025,-27.23896076510338,2.2458755071278215e-163,2.9142908366301493e-162,True
hsa-miR-3141,65.18479908055333,-0.7377030584876838,0.02712294912170478,-27.198482553556346,6.768934965807126e-163,8.579231526429961e-162,True
hsa-miR-7975,48.88991498062805,0.8373630761674824,0.030863558568253072,27.131125346926527,4.2290478785590667e-162,5.238252485942481e-161,True
hsa-miR-1909-3p,109.31185855806548,-0.8054865939704712,0.03009260834255889,-26.766925113344215,7.845620223121593e-158,9.501917825780595e-157,True
hsa-miR-6890-5p,21.32118037229528,0.5164956350994058,0.01956366343751216,26.400762656193326,1.3428187551367586e-153,1.590948307716377e-152,True
hsa-miR-1254,29.67420856148233,-0.5852689161108793,0.022550305071528724,-25.953924536915494,1.6419771034760823e-148,1.903994726371202e-147,True
hsa-miR-8069,938.9977434087166,-1.5481730481557516,0.060016314347236546,-25.79587008956403,9.865549930190739e-147,1.1201509816570734e-145,True
hsa-miR-4419b,29.421540193440617,0.5581666702504292,0.022129559602218254,25.22267411930235,2.2595545706092473e-140,2.5131780428204895e-139,True
hsa-miR-4787-5p,2061.7924805863213,-1.1584735371628425,0.04601122764061109,-25.17806188984043,6.966946733501036e-140,7.593971939516129e-139,True
hsa-miR-4454,100.03463055167047,1.5630996863041058,0.0622602894724903,25.105885301011348,4.2892659825789715e-139,4.583627373540273e-138,True
hsa-miR-8072,1493.024928374229,-1.247577452891893,0.04974830268667955,-25.077789301662758,8.690339973550568e-139,9.108144779971268e-138,True
hsa-miR-658,23.08973793599677,0.737324214426707,0.02942309558742624,25.059369169224926,1.3800586345057122e-138,1.41911689774644e-137,True
hsa-miR-1185-2-3p,48.84136486658447,0.841155777827141,0.03376309434184997,24.913468218003732,5.316971199444173e-137,5.366202414253842e-136,True
hsa-miR-637,24.649846266981328,0.4693852571035001,0.01891404753084437,24.816753597454113,5.912185652234207e-136,5.858438509941168e-135,False
hsa-miR-4707-3p,39.514422550458775,-0.6121301628029818,0.024700129025574766,-24.782468227966582,1.3855156112994765e-135,1.348403585996812e-134,True
hsa-miR-6850-5p,492.9843764346902,-1.1641223854126737,0.04740212483908475,-24.55844309436553,3.514001656542052e-133,3.359878776869155e-132,True
hsa-miR-3652,26.702790194902974,-0.5287179452530227,0.021991455919066774,-24.041970990861948,1.0128895284032446e-127,9.517668844478764e-127,True
hsa-miR-3131,45.446347104268426,-0.6913216046610744,0.029028083906834968,-23.815612731445064,2.3014598252402616e-125,2.1259247538236312e-124,True
hsa-miR-6875-5p,136.05932749754524,-0.7149449169632576,0.03033550380181298,-23.56792626996125,8.222889779211509e-123,7.469124882783787e-122,True
hsa-miR-6836-3p,61.75617113069523,-0.9244032719055687,0.0393083485872336,-23.516716044534938,2.7514048750288524e-122,2.4582223883454505e-121,True
hsa-miR-6785-5p,101.36637182435594,-0.8952771054287754,0.038126130809949456,-23.481981685777104,6.232760000945687e-122,5.478797097605483e-121,True
hsa-miR-8059,100.09255001258445,0.8240361761434626,0.03539953587224536,23.278163282065503,7.37889705509044e-120,6.383331579403635e-119,True
hsa-miR-1910-5p,19.539019808780893,-0.5839635389499164,0.0251389599435631,-23.229423184607196,2.2968062196723187e-119,1.955874046439709e-118,True
hsa-miR-4294,287.99365271915934,-1.1318400041890606,0.04895027116638963,-23.122241761271546,2.7664387093672957e-118,2.3195524563156558e-117,True
hsa-miR-6765-5p,336.1139492339073,-1.1454628056597271,0.049639131248511346,-23.075802836377783,8.103187905516001e-118,6.691268800767001e-117,True
hsa-miR-6754-5p,21.483027667567473,0.44061129735049176,0.019123494418010673,23.04031301598939,1.8395706624612876e-117,1.4963671806588087e-116,False
hsa-miR-1249-3p,19.20575139060894,-1.3668243759912366,0.05937046109364496,-23.02195992440325,2.80953410535611e-117,2.2517589520868825e-116,True
hsa-miR-6806-5p,35.33961233894986,-0.5633119608161385,0.02448938931094956,-23.00228697676318,4.421976052382587e-117,3.4927202152876957e-116,True
hsa-miR-4730,126.71042045314779,-1.2648889438888637,0.05503035735620339,-22.98529402056076,6.540773273313539e-117,5.092459191365541e-116,True
hsa-miR-4741,152.70067530401684,-0.751169497706122,0.033186883736732765,-22.634529462454264,1.9816763071142797e-113,1.5211458977144824e-112,True
hsa-miR-3616-3p,25.39773698650022,-0.4906187495317867,0.02186023190424124,-22.443437548189898,1.4832501141833316e-111,1.1227379336526607e-110,False
hsa-miR-3158-5p,20.92343727442899,0.5606637791218586,0.02504723867949356,22.38425505885725,5.6033966529455885e-111,4.183357775144309e-110,True
hsa-miR-4322,21.25344655790777,0.5734676062738571,0.025764196045738853,22.258315580885476,9.37023899250704e-110,6.901054393130185e-109,True
hsa-miR-1193,23.609690356753884,-0.5421147714994518,0.02451119045836453,-22.117031501195537,2.167285681377627e-108,1.5748942618010755e-107,True
hsa-miR-3197,216.1934449376624,-1.1092472051936169,0.050381011865528035,-22.017168058361126,1.9720903363816822e-107,1.4141963596421275e-106,True
hsa-miR-3184-5p,46.60865542363287,-0.7337087302996165,0.033398133866255224,-21.96855468745038,5.757150007804159e-107,4.074865914614632e-106,True
hsa-miR-92a-2-5p,80.5679922192904,-1.2957992927496538,0.059052833631064214,-21.943050198830935,1.0090263348896421e-106,7.050248109164807e-106,True
hsa-miR-4492,191.17106072682716,-1.0262929469000155,0.047034595775146744,-21.819958904426525,1.4999407136736398e-105,1.0347692265216883e-104,True
hsa-miR-6732-5p,81.62411088143772,-0.7940107777570146,0.03645264697406014,-21.781978639906065,3.4389528667550834e-105,2.3427866404769005e-104,True
hsa-miR-3180,94.88819092834369,-0.8378285962093559,0.038583565310159156,-21.714649475090198,1.4917659752339304e-104,1.003719082101842e-103,True
hsa-miR-498,32.261400469312115,-0.4472572516325809,0.020803075648526865,-21.499573389488333,1.5712558997507197e-102,1.0443103236148077e-101,False
hsa-miR-6769a-3p,21.640829492665247,0.41310495214819337,0.019242684601537243,21.468155857794997,3.090402503833033e-102,2.0292401983000035e-101,False
hsa-miR-6781-5p,237.96646157805537,-1.0602451489853166,0.04992926116720997,-21.234945685148872,4.5421710564954455e-100,2.9470038402262117e-99,True
hsa-miR-187-5p,63.34432611240552,-0.682201957582673,0.0322873107073735,-21.129104364423807,4.296188559664459e-99,2.754615017667212e-98,True
hsa-miR-6778-5p,38.62596802764739,0.48891654476078533,0.023357796947338177,20.931620643123264,2.7595311575443266e-97,1.7487726521647185e-96,False
hsa-miR-3646,18.27379138676182,-0.5244479905401217,0.02507150215340327,-20.918092076462667,3.664851147333218e-97,2.2957975578121884e-96,True
hsa-miR-762,1500.396577372753,-1.4026252512504442,0.06767372468560433,-20.726290118752885,2.0067651033200338e-95,1.2428261151243392e-94,True
hsa-miR-4690-5p,24.97528519612461,0.5177886680448589,0.02512136230711371,20.611488410333337,2.164720738246969e-94,1.325587418364717e-93,True
hsa-miR-920,21.775678431815265,0.46338878834588876,0.02261241726814165,20.49266926445548,2.5028774563622344e-93,1.5156313485749085e-92,False
hsa-miR-4498,21.39825204856878,0.49961421852061755,0.024693065468233622,20.23297671013532,5.018028024234817e-91,3.005302498030742e-90,False
hsa-miR-3614-5p,18.292751489549723,-0.5253499279964292,0.026016010376761038,-20.193331736433397,1.1204761933321575e-90,6.637603536587237e-90,True
hsa-miR-1225-5p,29.49069122912981,1.0604803551693138,0.052599453713882346,20.161432872247225,2.136059112102322e-90,1.2517765764470598e-89,True
hsa-miR-1343-3p,27.11980386359271,0.49378425063099435,0.024621040966557366,20.055376671591546,1.811666204719276e-89,1.0503809378425589e-88,False
hsa-miR-1181,22.858005869567858,-0.5764450614456763,0.02886223850718659,-19.972292215038816,9.59475330380076e-89,5.504358474285699e-88,True
hsa-miR-4515,21.723674634867326,0.5231008696059262,0.026278054610607685,19.906377293042294,3.583071423921137e-88,2.034139506288562e-87,True
hsa-miR-486-5p,24.61409598841702,-0.6367779072128671,0.03210897539978957,-19.831772869869912,1.5835864570741656e-87,8.897470300055879e-87,True
hsa-miR-4534,53.0487740271763,-0.6966582506125232,0.03513002048860882,-19.83085238559482,1.6128338358721611e-87,8.969331026023754e-87,True
hsa-miR-4716-5p,20.071886688347153,-0.5173125345730651,0.026100332694180817,-19.82015097793762,1.9950929113691823e-87,1.09830872393556e-86,True
hsa-miR-718,29.668065767458515,-0.6052473807662754,0.03081224159224465,-19.64308175873236,6.625301343425419e-86,3.6107892321668533e-85,True
hsa-miR-128-1-5p,38.02684108047689,-0.5635154727182142,0.02879626665104258,-19.56904620821088,2.8394582243836494e-85,1.5321829032565237e-84,True
hsa-miR-4516,1483.2946268231617,-1.1555265226733988,0.05915920897466482,-19.532487717478745,5.813716671059219e-85,3.1063486134581117e-84,True
hsa-miR-6742-5p,20.56707475092401,0.5013330909043324,0.02574341501062638,19.474226348656224,1.8164771608919473e-84,9.611456822195255e-84,True
hsa-miR-675-5p,30.442186555260438,0.5390947145054867,0.02777117691299388,19.412022623112136,6.107492774486716e-84,3.2005611173992884e-83,True
hsa-miR-3147,21.04339512168223,-0.49994440838718485,0.02584369401243926,-19.34492832744995,2.2491683502349387e-83,1.1674254770267064e-82,False
hsa-miR-6798-5p,210.6265471126133,-1.2046661432884311,0.06240283518367846,-19.304670048124883,4.906770196104006e-83,2.5228205253553615e-82,True
hsa-miR-211-3p,31.96056858013315,0.461894830589346,0.024017247697351918,19.231796932346807,2.005571334156633e-82,1.0215293244068833e-81,False
hsa-miR-564,21.79048199016639,-0.4904627668681203,0.02557575314812226,-19.17686505760357,5.775957052069292e-82,2.9147190679423744e-81,False
hsa-miR-4433a-3p,27.09402615181278,-1.2847030896030034,0.06716784194972088,-19.126758465229237,1.5118787899626074e-81,7.559393949813037e-81,True
hsa-miR-8073,29.619700719381107,0.4279102877009377,0.022450450068473845,19.060209768437243,5.40576592439836e-81,2.67831129890646e-80,False
hsa-miR-6738-5p,38.71203997242457,0.42946678878785055,0.022592037543185194,19.009652757831827,1.4188856750955788e-80,6.966600837180995e-80,False
hsa-miR-491-5p,26.68066565146873,-0.42179012604840815,0.022239089017724797,-18.966160246592693,3.2478121000174874e-80,1.5804085665263666e-79,False
hsa-miR-671-5p,36.068740389491765,-0.4668444885454634,0.0246489005858984,-18.939769216828456,5.3631668340497705e-80,2.586660110227544e-79,False
hsa-miR-4743-5p,21.87685942301419,0.36334869661705,0.019262739408330305,18.86277382021362,2.3078849568718278e-79,1.1033309662238123e-78,False
hsa-miR-6771-5p,113.72841726911554,-0.6316882605320321,0.03352326362261201,-18.84328052433259,3.336316527370263e-79,1.5811239194928637e-78,True
hsa-miR-6746-5p,37.027859215990084,0.4016459015502124,0.021330927554867894,18.829275028809214,4.3467053677382557e-79,2.0422020908770251e-78,False
hsa-miR-3665,1681.850048706172,-1.2496837509087495,0.06644946980106294,-18.806527044535716,6.677139007350314e-79,3.110291247013608e-78,True
hsa-miR-6792-3p,20.33899858980545,0.4807860780439502,0.025614794849000904,18.769858625773967,1.332395703846828e-78,6.15386151352984e-78,False
hsa-miR-642b-3p,117.24973101114419,0.629582773758007,0.03364041266569097,18.71507285046188,3.731110064660923e-78,1.7087857018825236e-77,True
hsa-miR-4685-5p,19.765334086864275,0.4045671029566379,0.021686754239663774,18.655032398380246,1.1493250406875578e-77,5.219851226455992e-77,False
hsa-miR-4734,1077.076553812197,0.9628511879115627,0.05173082553994646,18.612716457966645,2.534364178828315e-77,1.1415111383978773e-76,True
hsa-miR-371a-5p,36.08698737073285,0.47094920266918383,0.025475291893283385,18.48650859986223,2.651775466159868e-76,1.1846046139812527e-75,False
hsa-miR-4673,18.81197092165881,-0.582516284390018,0.03155414515139995,-18.460848221209815,4.2658949149439065e-76,1.890172950117422e-75,True
hsa-miR-4634,93.46481594724236,-0.7241856796475827,0.039479416434734946,-18.34337346006023,3.7292125469389816e-75,1.6390490629691493e-74,True
hsa-miR-6765-3p,36.13493191577811,0.45149307910138065,0.02484849763077611,18.169834080519376,8.946846564630282e-74,3.900825102178803e-73,False
hsa-miR-6842-5p,33.961146114263634,-0.3851366245522459,0.021392872535972034,-18.00303460438238,1.8443106789089425e-72,7.977375555598204e-72,False
hsa-miR-6515-5p,20.91912420091148,0.4294208698630206,0.02390337869183345,17.964860758773465,3.671982728796338e-72,1.575772115900791e-71,False
hsa-miR-7114-5p,53.76057447393803,-0.6303896542265855,0.035143726633181764,-17.93747318849756,6.012778544531418e-72,2.5601283646637677e-71,True
hsa-miR-6086,20.18800695277507,0.43512159526826477,0.024306861883226526,17.901183515940815,1.1544236041047853e-71,4.877216001838047e-71,False
hsa-miR-4675,46.39502749340018,0.5267934250007738,0.02958466493558271,17.80630019463825,6.314857287821378e-71,2.6473824783558854e-70,True
hsa-miR-4723-3p,19.74584826090663,0.4409613204414192,0.024969080157435805,17.660294959247857,8.479540312007756e-70,3.5277476870566617e-69,False
hsa-miR-1268a,334.5876614809772,-0.9676190581035327,0.055098823796345876,-17.561519310829727,4.855796325918186e-69,2.0048553012313723e-68,True
hsa-miR-451a,27.1558490849573,0.6872833826658757,0.039162852593302155,17.549369802122605,6.014365043580609e-69,2.4645330441740084e-68,True
hsa-miR-4746-3p,37.220358198589615,-0.45162428845368346,0.02588672703537479,-17.44617184847388,3.680908929582467e-68,1.4970860944943616e-67,False
hsa-miR-6825-5p,38.261368854024404,-0.7557005517345564,0.043450553733996644,-17.3921961124118,9.454128596397185e-68,3.8166667296566415e-67,True
hsa-miR-6887-5p,30.307918934143064,0.4725941690114636,0.027272633704509018,17.328512315014486,2.866478071627742e-67,1.148698933115529e-66,False
hsa-miR-4485-5p,17.42919307147659,-1.0332371457306564,0.059783406957611675,-17.283008752968097,6.316529883467906e-67,2.512780136124094e-66,True
hsa-miR-6795-5p,26.56950618000962,0.42893756873446787,0.02486790332050078,17.248642284243452,1.1455990024528591e-66,4.5242859154841177e-66,False
hsa-miR-6165,23.999232279494972,0.37749963675104525,0.021888770399943407,17.24626965578758,1.193614508388853e-66,4.6799993314526964e-66,False
hsa-miR-5698,33.60520759432686,-0.5117133374090977,0.02973064862936605,-17.21164390956677,2.1717819685900647e-66,8.45443694915418e-66,True
hsa-miR-7108-5p,162.72234295351086,-0.46801973692740545,0.02729407501274319,-17.147301628976038,6.583949643749841e-66,2.5448599686834494e-65,False
hsa-miR-4270,78.5621957034139,-0.512444574339854,0.02993371262831047,-17.119312285212434,1.0652637459715e-65,4.0885122644680815e-65,True
hsa-miR-1227-5p,196.5015784797787,-0.5632265803179738,0.03291873495490279,-17.10960585482915,1.2584817859815607e-65,4.796311701817836e-65,True
hsa-miR-4706,56.27846084451192,0.488456380129505,0.028642256228291165,17.053697733736353,3.2810387216578667e-65,1.241782016183012e-64,False
hsa-miR-5572,27.21952353009712,-0.6391531952374802,0.037711100989190234,-16.948675018019003,1.968400133688077e-64,7.398469468000014e-64,True
hsa-miR-6865-3p,23.405742734075353,0.37533211202605016,0.02234897951388005,16.794149898117116,2.693358259996167e-63,1.005397432669802e-62,False
hsa-miR-7977,46.933915371523085,0.7213713486175405,0.043036071196321676,16.762016805084116,4.626600494280661e-63,1.7153042648863675e-62,True
hsa-miR-4655-5p,65.80318676131114,-0.4907439223614824,0.02933956764389936,-16.726351537205556,8.424324184336814e-63,3.1022004597726783e-62,False
hsa-miR-1273g-3p,38.16500548786766,0.5450993441423582,0.03285449251906333,16.591318335721436,8.053303913454129e-62,2.9456715656593962e-61,True
hsa-miR-4651,330.18968470137054,-0.6494803515296022,0.03920213221772689,-16.567475154729273,1.197493639253876e-61,4.35089355595575e-61,True
hsa-miR-1203,29.357635074794896,-0.39174290632605346,0.023674132445237375,-16.54729723389978,1.6745329652306565e-61,6.0438441460311775e-61,False
hsa-miR-3679-5p,69.51962045892927,-0.483106487842425,0.02920123137539808,-16.544045065491325,1.7674516356831654e-61,6.337244351627139e-61,False
hsa-miR-1236-3p,22.2328310811429,0.33670990943633844,0.02038198041505955,16.519980030377962,2.634853066875197e-61,9.385587721875701e-61,False
hsa-miR-1249-5p,36.50441084317652,-1.0678865049634785,0.06488286302112635,-16.458683468017842,7.266372995689051e-61,2.571541092630216e-60,True
hsa-miR-619-5p,23.201362925451836,0.6989274264927007,0.04248285780568939,16.451987050623956,8.116126866390404e-61,2.853734930440497e-60,True
hsa-miR-3940-5p,549.3117701679555,-1.160238692337062,0.0705525538001575,-16.445027569426863,9.104293965303885e-61,3.180666801981165e-60,True
hsa-miR-4257,37.249249831542,0.40790737118235937,0.024956367080125188,16.344821739186937,4.7355386420233413e-60,1.6438653247788031e-59,False
hsa-miR-6761-3p,21.46795426739609,0.32540165742860055,0.019961868375117434,16.301162361846615,9.683294209646784e-60,3.3401236356060112e-59,False
hsa-miR-3937,76.17808109500722,-0.5586337666335183,0.0343921305625941,-16.24306948988804,2.500909906570155e-59,8.572301252080091e-59,True
hsa-miR-550a-5p,30.11700879970188,-0.43134500076987353,0.02658252468040401,-16.226637836542686,3.2688057351084745e-59,1.1134369535213241e-58,False
hsa-miR-3178,478.75738055257494,-0.916300375961937,0.056943278229125996,-16.09145810458902,2.928581333808918e-58,9.913520664135779e-58,True
hsa-miR-6766-5p,26.55258916122644,0.2977685419208007,0.018530983623138455,16.068685180261895,4.229627155530864e-58,1.422930123311309e-57,False
hsa-miR-328-3p,25.321804777521464,0.3090633666380804,0.019240331301374144,16.063307943975325,4.612807427772445e-58,1.5423190479361855e-57,False
hsa-miR-7160-5p,19.64205311680022,0.3697067849699402,0.02311372758956561,15.995117340434502,1.3819767658379916e-57,4.5925447401323503e-57,False
hsa-miR-6799-5p,90.38668753762336,-0.6208970183713999,0.03887877547647375,-15.970076494490316,2.065324556311831e-57,6.821829595090594e-57,True
hsa-miR-4447,26.107241431227447,0.4508785552805652,0.029071755589286055,15.509161594861837,3.0078062604468665e-54,9.875026577973146e-54,False
hsa-miR-1281,20.592358362893588,0.3891703672457886,0.025261393482737385,15.405736326926377,1.497733287075843e-53,4.887812224289427e-53,False
hsa-miR-6777-3p,23.727258399793296,0.2992128344834502,0.019447352192194345,15.385787819667625,2.038797758014221e-53,6.613957012605658e-53,False
hsa-miR-4430,21.965203566175358,0.49663086260876416,0.03250091061466828,15.280521475131382,1.0311229505710629e-52,3.3252189826108238e-52,False
hsa-miR-3960,5465.4338446404445,-0.8367725795028336,0.054922517980506055,-15.235510138115549,2.0551674781114366e-52,6.588625150416076e-52,True
hsa-miR-4710,24.01844763573601,0.5766023831917304,0.03791205271413139,15.20894654635271,3.0846700793215503e-52,9.831258439942952e-52,True
hsa-miR-4290,19.384791172530388,-0.3562968183535502,0.023584226600069078,-15.10742007340222,1.4469490782483053e-51,4.5848095793332926e-51,False
hsa-miR-7845-5p,40.584431698463895,-0.45401516657426083,0.030077366750018028,-15.094910746266997,1.7492444148469154e-51,5.510625468737393e-51,False
hsa-miR-6786-5p,1008.6560884109127,-0.862975422799522,0.05738992259292203,-15.03705500564578,4.198152621107335e-51,1.3149386083353435e-50,True
hsa-miR-1268b,204.96112332364805,-0.7246316870212033,0.04825838253742551,-15.015664614520274,5.79778226250347e-51,1.8055950474653666e-50,True
hsa-miR-370-3p,28.19879842307766,0.2723043447513445,0.018173003237780563,14.98400353471794,9.341611953302601e-51,2.8927150650851804e-50,False
hsa-miR-149-3p,171.01055372504388,-0.6171424751015736,0.041241765188165205,-14.964016993110414,1.2617447809955856e-50,3.8850333652123965e-50,True
hsa-miR-4787-3p,21.115771141085904,0.40229004849104616,0.027031113298910055,14.88248168111031,4.283125314811664e-50,1.3114063463889646e-49,False
hsa-miR-4449,36.69655304680885,-0.3975864568314432,0.026747271138769884,-14.864561501197253,5.598022012453886e-50,1.7044256965292557e-49,False
hsa-miR-6125,898.7005844682959,-0.734872958402954,0.04983122454582428,-14.74723860593015,3.2051301411645682e-49,9.704421816303831e-49,True
hsa-miR-4435,25.162960992044862,-0.5884407176128829,0.040050311025512784,-14.692538023937825,7.196693768958036e-49,2.1669602784984142e-48,True
hsa-miR-6756-3p,20.62630013930759,0.3758528445870453,0.025650045994005735,14.653106067524398,1.2869533999758305e-48,3.853789027400152e-48,False
hsa-miR-7106-5p,23.880453332274328,0.4025478261028774,0.027483816801994628,14.64672206931836,1.4137341623719296e-48,4.210301193949189e-48,False
hsa-miR-296-5p,46.820777977134476,0.3598584209580956,0.02460610300661143,14.624762842836388,1.9525004246630865e-48,5.783221366529251e-48,False
hsa-miR-4481,25.77018155506502,-0.3768676392198936,0.025828828103027272,-14.590969350859659,3.2060954059289614e-48,9.444983763412347e-48,False
hsa-miR-197-5p,56.2614208443466,0.3362728204343742,0.02308970395926232,14.563756253768686,4.775977366003561e-48,1.3994127228343768e-47,False
hsa-miR-6820-5p,49.49585779256917,-0.4412707517541625,0.03034538424934074,-14.541610286702806,6.602112128369388e-48,1.9241449785889395e-47,False
hsa-miR-3675-3p,22.705048737862928,0.2954541675210611,0.020395100792665793,14.486526471460648,1.4741105424178532e-47,4.2733523703070743e-47,False
hsa-miR-638,1319.8106143166128,-0.6819045625716321,0.04710834588910418,-14.475238934877392,1.7372102023303266e-47,5.009415662804381e-47,True
hsa-miR-4507,24.98310717029881,0.4182838628781476,0.029042717179492392,14.402366703261006,5.00015026264018e-47,1.434253627967841e-46,False
hsa-miR-4436b-5p,22.310446717738373,-0.35401323405696744,0.024769261563103818,-14.29244199125839,2.4390439737258634e-46,6.959575736547621e-46,False
hsa-miR-6088,312.64681578901116,0.9684576375132151,0.068027231432985,14.236322971151079,5.452126811751046e-46,1.5476089127105832e-45,True
hsa-miR-7108-3p,22.369467937874695,0.3718454570603816,0.026239822511923968,14.17103552782823,1.3844384833457983e-45,3.909424732764042e-45,False
hsa-miR-8089,38.41573284428222,-0.3586998279639796,0.02564095266751291,-13.98933310377552,1.8110216619895806e-44,5.087663947341863e-44,False
hsa-miR-874-3p,22.063254969043587,0.31789956385891094,0.022748748339763262,13.974376045263298,2.2346343898678963e-44,6.245516628092325e-44,False
hsa-miR-6757-5p,54.99525284747426,0.4539797093534618,0.032599321270485246,13.926047894883189,4.4003988532836356e-44,1.2235802933875416e-43,False
hsa-miR-4687-3p,153.7269125703311,-0.5645284244669114,0.04055772612193042,-13.919133996066385,4.847417891213136e-44,1.3410369292950046e-43,True
hsa-miR-8064,19.780090320519214,0.29016915133245563,0.020869442414584122,13.904020316789955,5.988115455861309e-44,1.6482439007295016e-43,False
hsa-miR-4646-5p,19.896392413180156,0.34952600090775754,0.025228069213053355,13.85464729607242,1.1924113352957965e-43,3.26564913435281e-43,False
hsa-miR-6774-5p,38.066098493662,-0.2831983833682459,0.020475930269624094,-13.83079448108733,1.6617496402720683e-43,4.528267769741386e-43,False
hsa-miR-1229-3p,20.944608579357354,0.31357074097829407,0.02273745470516012,13.790934167628324,2.889932334051228e-43,7.835886179392634e-43,False
hsa-miR-6869-5p,1506.5658603003453,-0.9675755393447715,0.0703698991735203,-13.749849732751406,5.103541581843254e-43,1.3769456248042444e-42,True
hsa-miR-6800-3p,20.68850188594852,0.3961640904839031,0.028948207231321393,13.685272021103309,1.243409550251015e-42,3.3382177580630694e-42,False
hsa-miR-4758-3p,25.857934625247186,0.2777151712323473,0.02039206818829308,13.6187839638444,3.096812495927241e-42,8.273347109217385e-42,False
hsa-miR-652-5p,22.344148925144882,0.43062763253544056,0.03173369381883118,13.57004435077459,6.028554852562566e-42,1.6027133632422433e-41,False
hsa-miR-3622a-3p,19.79272890907974,-0.3149968810491491,0.023263923183510768,-13.540144478830452,9.061052942329921e-42,2.3972203172668966e-41,False
hsa-miR-4745-5p,601.0571233736139,-0.8727898818512193,0.06450550794664918,-13.530470647143511,1.0335977112067342e-41,2.7213079836119334e-41,True
hsa-miR-6893-5p,65.93235884823815,-0.49685208266976866,0.03678196775352141,-13.508034317228756,1.4021544545873155e-41,3.673914316106187e-41,False
hsa-miR-4446-3p,59.201301670975255,-0.3362512209911481,0.024921457053051165,-13.492438274189128,1.7327385187633358e-41,4.518385132660373e-41,False
hsa-miR-3917,25.380373521221937,0.3050485501390905,0.022765025045691722,13.39987764242855,6.05629174672784e-41,1.5717519056984156e-40,False
hsa-miR-6824-5p,40.02170624002561,-0.38830670761439895,0.02904360536798604,-13.36978321714902,9.080510747021682e-41,2.345439979680956e-40,False
hsa-miR-6787-5p,73.77530566099023,0.42466504094279317,0.03180143803992687,13.35364270035915,1.1279536929863624e-40,2.899692276780979e-40,False
hsa-miR-6845-5p,159.02861674841006,-0.467846773822538,0.03503975135732649,-13.35188623490947,1.1548712625418182e-40,2.954952291480239e-40,False
hsa-miR-1237-3p,24.680651849638046,0.28406213876307956,0.021333042672579523,13.315594175799383,1.8787183128104556e-40,4.7845863573911135e-40,False
hsa-miR-7107-5p,41.115806724236215,0.6140489399404169,0.046632513947994794,13.167828365959693,1.3440834339925315e-39,3.4070952163996727e-39,True
hsa-miR-5010-5p,21.3186733340952,-0.4275415751454451,0.032653576530086104,-13.093254111123787,3.598539476541401e-39,9.079648216273444e-39,False
hsa-miR-1185-1-3p,67.38903768395286,0.45088166409921304,0.03461052136269272,13.02730055332903,8.558219923839985e-39,2.1494146813330838e-38,False
hsa-miR-615-5p,26.231352644030657,-0.28428968969724344,0.02210700896928432,-12.859708434200128,7.586227700629198e-38,1.8965569251572996e-37,False
hsa-miR-1275,27.869634317976782,-0.5914917040107772,0.04600821058040532,-12.856220586477033,7.936315734004678e-38,1.97501921234363e-37,True
hsa-miR-6727-5p,466.156393692654,-1.006621124020774,0.07841235027954509,-12.837532868637462,1.0104344665992304e-37,2.5031217468026388e-37,True
hsa-miR-3162-5p,53.42890627972163,-0.29455555771549263,0.023249065306682467,-12.669565585969114,8.719593748671111e-37,2.150307055667763e-36,False
hsa-miR-1914-5p,19.85710569454501,-0.29933342795127565,0.023679967222580943,-12.640787258600373,1.2578813683374187e-36,3.088042097945465e-36,False
hsa-miR-3135b,49.80769315132887,-0.3299244086623693,0.026105292851713445,-12.638219020811116,1.2996445777652775e-36,3.176261412027248e-36,False
hsa-miR-4483,19.694837126928075,-0.34157353419015285,0.027033608616137524,-12.635143869999395,1.351467340529733e-36,3.288168306199574e-36,False
hsa-miR-6894-3p,21.274964137402097,0.33741911393236657,0.026736726662221495,12.620060720040707,1.6369501838378442e-36,3.965057111962778e-36,False
hsa-miR-6126,496.2370802256309,-0.6485080200030555,0.05144174577136102,-12.60664874954724,1.940712469559483e-36,4.6800367075660096e-36,True
hsa-miR-6790-3p,19.98429832007816,0.33466849999037057,0.026611843778805745,12.575923065387444,2.8643498943349675e-36,6.87696340269849e-36,False
hsa-miR-663b,61.3679287065031,0.47766328318761575,0.03801134606815727,12.566334334257162,3.2337290680833445e-36,7.729747114497468e-36,False
hsa-miR-328-5p,444.21376040808497,-0.6471476740637698,0.05191099625815913,-12.466485344365823,1.1373267081694301e-35,2.7067382355997355e-35,True
hsa-miR-939-3p,19.476834804438383,0.30164460064530924,0.024363349506785596,12.381080875652843,3.308566753461792e-35,7.839864698420332e-35,False
hsa-miR-4656,52.8557795121821,-0.3229482772563448,0.026146691678053974,-12.351401134523224,4.7870366938431606e-35,1.1294090901058538e-34,False
hsa-miR-6892-5p,19.680510022230283,0.274115985942644,0.022247025728562405,12.32146666647278,6.942012954638122e-35,1.6307745949473174e-34,False
hsa-miR-6835-5p,21.490532126570553,0.259053276267732,0.021069673647203652,12.29507777886789,9.62640630551496e-35,2.2516701444230273e-34,False
hsa-miR-6754-3p,20.45169390139445,0.2727102203722991,0.022371251531327862,12.19020849103618,3.505234554288489e-34,8.163900991825755e-34,False
hsa-miR-4674,140.61742133972018,-0.7305690900300293,0.06006992848825839,-12.161977022709966,4.954492505039596e-34,1.1490206022325872e-33,True
hsa-miR-6777-5p,27.21791187091005,0.36527011124644143,0.030287817578040197,12.059968015367208,1.718496391083118e-33,3.968561581102963e-33,False
hsa-miR-4749-3p,20.654899940761137,0.3279284929167065,0.027194344785140212,12.058701745073712,1.745120663367154e-33,4.01304118791181e-33,False
hsa-miR-4736,24.86766091770864,0.368939769512396,0.0310225965616786,11.892614107232328,1.2929537506301699e-32,2.9607554373674056e-32,False
hsa-miR-1228-3p,25.67391685689517,-0.3218286970459387,0.027192796346277474,-11.835071794298752,2.571233992169513e-32,5.863274166244288e-32,False
hsa-miR-3622a-5p,27.858854150125094,-0.2584986326184474,0.02188477795784151,-11.811800563680157,3.392180310463998e-32,7.703076121678663e-32,False
hsa-miR-320a,21.714517383380393,0.2818169967238014,0.02398856048518182,11.747974493837804,7.233186094617195e-32,1.6357205068740131e-31,False
hsa-miR-3928-3p,29.422787260227132,-0.2629256272447024,0.022526648558996967,-11.67175962976046,1.7770904126529333e-31,4.002125102875407e-31,False
hsa-miR-3175,21.896220602734964,0.25741398142793326,0.022085911123525512,11.655121674094781,2.160715679738704e-31,4.846049569784336e-31,False
hsa-miR-574-3p,20.33370181417853,0.2805136163448162,0.02416220030305282,11.609605616479147,3.6831041387272725e-31,8.226605555763786e-31,False
hsa-miR-548q,20.349702190604912,0.2913674126382402,0.02511780703170339,11.60003388315229,4.119151277695356e-31,9.163009985077426e-31,False
hsa-miR-7150,48.38726723859747,0.6660936514291741,0.05765139165282786,11.553817389879114,7.061282617003814e-31,1.5643898480760483e-30,True
hsa-miR-6895-5p,22.497352497682122,0.3226016912739051,0.028251431048019526,11.418950449822258,3.362702812713043e-30,7.419728878253475e-30,False
hsa-miR-6813-5p,25.787480266459394,-0.27259124154081665,0.024001046991337028,-11.357472931876936,6.808570568791527e-30,1.496238290319106e-29,False
hsa-miR-6796-3p,21.485067926214043,0.29370138193734824,0.02587369786932209,11.351349289951472,7.302697519858556e-30,1.5983815856718526e-29,False
hsa-miR-3196,442.8478099835285,-0.854374250697774,0.0763088398333906,-11.196268382053477,4.252720390774262e-29,9.270930451887892e-29,True
hsa-miR-4443,30.674826640590965,0.4151790080773539,0.03770363392035756,11.011644367074751,3.358178207473931e-28,7.291661844913515e-28,False
hsa-miR-1229-5p,63.241864157850735,-0.33033224970515285,0.030609990800483478,-10.791648120976742,3.769677152992698e-27,8.152674795162779e-27,False
hsa-miR-4466,695.4474428692776,-0.8204352792442724,0.07608801925210106,-10.78271306453568,4.1544833312786605e-27,8.949381089118063e-27,True
hsa-miR-8063,59.868826754459555,0.4182583150473009,0.0389200888425452,10.746591991076983,6.14918063013144e-27,1.3194108044967066e-26,False
hsa-miR-483-5p,23.515957338635666,-0.25722465501031105,0.023949328553502836,-10.740370212704326,6.578007551939911e-27,1.4058878885518633e-26,False
hsa-miR-1231,34.59111351145954,-0.28175737200380147,0.02631077804641901,-10.708819461997994,9.253425039049003e-27,1.9699674399537918e-26,False
hsa-miR-373-5p,27.16917292836605,-0.24034929592280393,0.022511631386039725,-10.676671619270259,1.3088036152951234e-26,2.7754784837970515e-26,False
hsa-miR-4433a-5p,16.255326750667646,-0.6044585500027352,0.05689929850700412,-10.623304080424264,2.3219409233894686e-26,4.9048752063847306e-26,True
hsa-miR-4728-3p,21.024630929787207,0.23175441701419291,0.021824313546135746,10.619093082780044,2.4290956260767707e-26,5.1114174371113515e-26,False
hsa-miR-937-5p,59.905137370112634,-0.29951271529590373,0.028383154495338323,-10.552481590624327,4.947285611448565e-26,1.0370271762459493e-25,False
hsa-miR-204-3p,810.7898410882568,-0.8813344759553725,0.08385281210900344,-10.51049396900002,7.72876596958626e-26,1.6138610932660964e-25,True
hsa-miR-6885-3p,20.546061434749273,0.2181077390674324,0.02078368800839691,10.494178847339978,9.187304722481607e-26,1.9110996464704107e-25,False
hsa-miR-1470,21.776531371604833,0.26249260007409503,0.025027118173190057,10.488327032206467,9.77436907755094e-26,2.0254871282377423e-25,False
hsa-miR-6821-5p,104.69680037800404,-0.41930493979348404,0.040055735903512454,-10.468037356834968,1.211282830965199e-25,2.50056493513649e-25,False
hsa-miR-6766-3p,23.221016553897783,0.2590263952710076,0.024754508575481553,10.46380680437195,1.2666223343860763e-25,2.604940272605327e-25,False
hsa-miR-3151-5p,19.352280785720477,0.27461599145346655,0.02627755937685982,10.450589703368536,1.4561695940001859e-25,2.983505371165794e-25,False
hsa-miR-5096,20.980401912978213,0.26231855303681845,0.025132642387862614,10.437364642704692,1.6739326187917134e-25,3.416828753713422e-25,False
hsa-miR-422a,36.11934890164832,0.2332888147554258,0.022362290644495665,10.432241422139299,1.7667078827542975e-25,3.592745507839896e-25,False
hsa-miR-940,30.460890910282,0.26267543500887747,0.025315405059588476,10.376110292945377,3.1848834795725878e-25,6.452644967907288e-25,False
hsa-miR-629-3p,19.889380638487538,0.294478782722577,0.028421000881134792,10.361309369581182,3.7183657097893333e-25,7.505590043834025e-25,False
hsa-miR-6076,49.2526173934751,-0.4165142105270168,0.040328380351592495,-10.32806690711965,5.261010965694636e-25,1.0580261905179249e-24,False
hsa-miR-6724-5p,177.12241532364953,-0.51806798279293,0.050311865192396964,-10.29713330666221,7.259236991836191e-25,1.4545162354965897e-24,True
hsa-miR-2392,29.831719602360394,-0.22219344847940342,0.02171512181715863,-10.232199033939239,1.4225194142241558e-24,2.8398281346233147e-24,False
hsa-miR-7641,29.102797647488103,0.32098690862087,0.03178877174999445,10.097493264140537,5.66722929307782e-24,1.1272408630392015e-23,False
hsa-miR-4298,28.228366011363892,-0.264320254042978,0.026201415609813532,-10.08801425003842,6.2419415984705556e-24,1.2370393349696193e-23,False
hsa-miR-6722-3p,88.91401118368012,-0.3163701726485748,0.03149732349611404,-10.044350996604736,9.728595334690852e-24,1.9210450932632298e-23,False
hsa-miR-6791-5p,130.42281974923597,-0.4468858640577473,0.04464389689567293,-10.010010217120211,1.377383154118869e-23,2.710013786984778e-23,False
hsa-miR-665,39.93952962102106,0.2565197825262659,0.025788556686907365,9.947039132147276,2.5979789460768192e-23,5.093160164071462e-23,False
hsa-miR-6085,237.74828872522835,-0.4616354848667924,0.046491121097958873,-9.92954082337799,3.0967829242575676e-23,6.049271303657256e-23,False
hsa-miR-3610,21.977695062036908,-0.22268533751920538,0.022436151592733593,-9.925291180120507,3.2315812793856456e-23,6.290042133089917e-23,False
hsa-miR-6797-5p,22.568169085550867,0.2713176780789953,0.027430794845098284,9.890988562713053,4.555073151387802e-23,8.834572482229012e-23,False
hsa-miR-4476,32.49927795899653,-0.3341980776302997,0.033843997919608244,-9.874663106413763,5.361280893790446e-23,1.0361340734453168e-22,False
hsa-miR-504-3p,25.747212897389502,-0.2568028678352387,0.026153157640503945,-9.819191677165694,9.308694169623834e-23,1.7926637181784415e-22,False
hsa-miR-4429,29.70811180384552,0.25148821269666877,0.025663868832922865,9.79931024172191,1.1335705502852416e-22,2.175337851779777e-22,False
hsa-miR-760,61.411298103509296,-0.2564216985224217,0.02625951369682061,-9.76490659663161,1.5925869052414312e-22,3.04547320475993e-22,False
hsa-miR-494-3p,22.985661118158138,-0.2244355656766724,0.02310475588057335,-9.713825449477241,2.6326667879477214e-22,5.016795102907372e-22,False
hsa-miR-6763-3p,20.25484899641115,0.21931042123742567,0.022727963700748685,9.649365166409577,4.946096650277311e-22,9.39241349965552e-22,False
hsa-miR-6776-5p,19.139620026638468,0.24132989869414936,0.02502370201871906,9.644052607149085,5.208994739947018e-22,9.857299073858072e-22,False
hsa-miR-6886-3p,19.91845196013944,0.2673211384824541,0.02773191791659678,9.63947532537841,5.446564214638072e-22,1.0271202411687714e-21,False
hsa-miR-6717-5p,26.082704424037647,0.286828496836836,0.029760874219243748,9.637771213433279,5.537723345528532e-22,1.0407100770045e-21,False
hsa-miR-6851-5p,32.39999664023898,-0.20091460858921473,0.021067208135933543,-9.536840728626126,1.4724974374332384e-21,2.7577701147804636e-21,False
hsa-miR-3188,39.626722825608034,0.21618201839120418,0.022755549425385404,9.500188914359414,2.0950986964772336e-21,3.9103725670551104e-21,False
hsa-miR-6075,76.84695589839376,-0.23199604933921203,0.024590209982320737,-9.434488339302789,3.929071464465947e-21,7.308341119911062e-21,False
hsa-miR-6801-3p,21.272272345704902,0.2020484773249058,0.021510329184081668,9.393090900460422,5.826481947662866e-21,1.0800791365565516e-20,False
hsa-miR-6803-5p,313.46096271698826,-0.5694897836719217,0.06063214037817076,-9.392539668234337,5.85706384140193e-21,1.082067726631882e-20,True
hsa-miR-4667-5p,29.49009925609482,-0.2598941367510895,0.027759790348425902,-9.362251425138254,7.805538799867337e-21,1.4371684614620604e-20,False
hsa-miR-4323,20.365822748032688,-0.20752150227717858,0.022224008022829093,-9.337717213925004,9.843341143715159e-21,1.8062696711531182e-20,False
hsa-miR-4722-3p,22.084250265591237,-0.2215937258874859,0.023767259661374333,-9.323486554388591,1.125787405935575e-20,2.0589064974325113e-20,False
hsa-miR-7113-3p,21.58932180233268,0.27352344116363475,0.029476596873016875,9.279342603284723,1.7052743109964776e-20,3.1082759180370577e-20,False
hsa-miR-4472,20.127418420750633,0.27703098892240957,0.029930416083040583,9.25583487225168,2.1256265939788456e-20,3.8615549790615695e-20,False
hsa-miR-1247-3p,32.63527347470544,0.1803664743517299,0.019615396719650312,9.195147920258089,3.7447901118419785e-20,6.780433923434812e-20,False
hsa-miR-4638-5p,20.41032609298296,0.2704571137792623,0.02956297235810011,9.148508834063783,5.772481353333098e-20,1.0417226283332907e-19,False
hsa-miR-7847-3p,32.3876334994497,0.25993405625245486,0.0286168997771989,9.083236069462794,1.0539370367585991e-19,1.8956953301433547e-19,False
hsa-miR-3620-5p,67.60128311704916,-0.2745917878156765,0.030239165408905883,-9.080666880270615,1.0791162022896657e-19,1.9345997705521968e-19,False
hsa-miR-4739,358.4368650541932,-0.5465975896630928,0.06092413831599882,-8.971773828429429,2.917770530333509e-19,5.213721111579549e-19,True
hsa-miR-6870-5p,49.693260959173585,-0.29582849072987333,0.033149153425047914,-8.924164274624934,4.490769411272662e-19,7.998265781515035e-19,False
hsa-miR-4723-5p,81.38693284749598,-0.3500559793521858,0.039318751918885314,-8.903028765367532,5.43430892820653e-19,9.647225947467616e-19,False
hsa-miR-4763-5p,23.192182860147025,0.20608173181172912,0.023366736675869266,8.81944854646943,1.1502478902270616e-18,2.0353412343303525e-18,False
hsa-miR-4649-5p,262.8286734961874,0.3715487021466161,0.04217782469539514,8.809100631194495,1.2615389888432872e-18,2.2250444948854095e-18,False
hsa-miR-6762-5p,57.7148190799484,0.19621103182173485,0.022361124689321308,8.774649511052395,1.714369666329126e-18,3.0139724779012056e-18,False
hsa-miR-4258,52.35461298401417,0.4157070587275841,0.04785984363933984,8.685925968756848,3.75669519860043e-18,6.5832761518882136e-18,False
hsa-miR-6750-3p,19.076586649500488,0.23081706496879706,0.026664689455483913,8.656281759971023,4.874029294146497e-18,8.51392937599308e-18,False
hsa-miR-4721,23.00502545340599,-0.20770200962114155,0.024044243686858296,-8.638325760051412,5.704277232551982e-18,9.932367705242269e-18,False
hsa-miR-6769b-5p,30.6345857666469,-0.2503416821295009,0.029149395717910913,-8.588228879670321,8.832019494198886e-18,1.5329460587064945e-17,False
hsa-miR-25-5p,20.403111014704546,-0.2164604147614621,0.025268610201642283,-8.566375951590471,1.0679282602044561e-17,1.8476854025759638e-17,False
hsa-miR-4478,22.78765327318852,0.1860102311080306,0.021871286225254978,8.504768727009886,1.819579544797703e-17,3.138198898464393e-17,False
hsa-miR-4539,19.63189911554933,0.17966848662457352,0.021174925843860878,8.484964148134845,2.1578525196437707e-17,3.709872628409637e-17,False
hsa-miR-4750-5p,27.89668696465774,0.20186157248726466,0.023882868606260776,8.452149355054763,2.859884236179204e-17,4.901373926785114e-17,False
hsa-miR-6731-5p,20.042830435935507,-0.21408102372382593,0.02549024480900409,-8.39854718257569,4.520363293968494e-17,7.722877727939904e-17,False
hsa-miR-4731-3p,23.214937749190337,0.16307711791320859,0.01961699650191286,8.313052301217818,9.327138634155986e-17,1.5885282986296913e-16,False
hsa-miR-6829-5p,27.395389866577627,-0.2152021313203425,0.025966480065998134,-8.287689774408022,1.1546927505888752e-16,1.960459654426595e-16,False
hsa-miR-6716-5p,31.41989599127046,-0.2241812249095531,0.02739181621068101,-8.1842409858948,2.7402523604433007e-16,4.638004771557761e-16,False
hsa-miR-6819-5p,54.10337754562911,-0.2582286528548549,0.031639878831992395,-8.161493102614198,3.3090828960191475e-16,5.583437084614351e-16,False
hsa-miR-6741-3p,21.440214014072414,0.16419131780521554,0.02026004351789275,8.10419373779771,5.30964397001751e-16,8.931345566850441e-16,False
hsa-miR-6840-3p,94.41287861084682,-0.24852217549927633,0.03107003486024738,-7.998773629225905,1.2566450145410249e-15,2.1072970243841804e-15,False
hsa-miR-6880-5p,36.75909570887298,-0.2616437735297192,0.03287119006745015,-7.959668420669842,1.7250092046572265e-15,2.88383440655886e-15,False
hsa-miR-4505,146.75413186182254,-0.27106686373319716,0.034371055417502294,-7.886486476500968,3.1081321974045666e-15,5.180220329007611e-15,False
hsa-miR-675-3p,21.48742538209171,-0.1728019229831585,0.021961914082428664,-7.868254212023087,3.5962425612876906e-15,5.975464011895706e-15,False
hsa-miR-4707-5p,56.58960741370189,-0.25615804331199693,0.03279638302668919,-7.810557740575827,5.693546806723927e-15,9.43155929989222e-15,False
hsa-miR-3656,294.57215258990533,-0.5619599174850182,0.07198846042483571,-7.806249976296817,5.891467229378568e-15,9.729847393973695e-15,True
hsa-miR-3679-3p,30.218117273091366,0.17465971650491824,0.022793934038440024,7.662552511136057,1.8227356638711296e-14,3.0011810779751227e-14,False
hsa-miR-6879-5p,114.46892815266186,-0.30617472401847085,0.040032278068840584,-7.648196375234118,2.0381779543122238e-14,3.3458041719884393e-14,False
hsa-miR-6809-3p,19.09300161199293,0.16680822024528583,0.021924956867358833,7.608143598842127,2.7806080410186345e-14,4.550844992057525e-14,False
hsa-miR-5193,18.111528309360942,-0.20466576301626638,0.02745653897520421,-7.454171962500389,9.04339831283057e-14,1.4744974244260176e-13,False
hsa-miR-3122,22.38794464711201,-0.15188251407929762,0.020376301775981882,-7.453880284513934,9.063424535462677e-14,1.4744974244260176e-13,False
hsa-miR-642a-3p,60.46073307338297,-0.21580153576743152,0.029251134501069857,-7.37754413455446,1.6123593162582323e-13,2.615285200478383e-13,False
hsa-miR-4279,23.49956106068329,-0.1524319043591578,0.021168458597072594,-7.2008976780311125,5.981742516713677e-13,9.673737897949418e-13,False
hsa-miR-4763-3p,95.97396793081752,-0.2876581571097406,0.03995965747883458,-7.198714284828503,6.078296479389108e-13,9.80080349487297e-13,False
hsa-miR-625-3p,18.942006194715344,0.17562806116370652,0.024405194268240293,7.196339403544932,6.185055901269248e-13,9.943526448943186e-13,False
hsa-miR-939-5p,27.611611640346233,0.38291067848860777,0.053448395764589485,7.16411920341102,7.828826095713552e-13,1.2549147712246724e-12,False
hsa-miR-6803-3p,19.734315980180252,-0.18716651639254542,0.02612910432969822,-7.163143214970932,7.884789963584937e-13,1.2601790411008182e-12,False
hsa-miR-1260b,36.31144066500541,0.34480978781189026,0.048631738024465,7.090221361992614,1.3389765051801477e-12,2.133749109132107e-12,False
hsa-miR-7846-3p,29.32079590137802,-0.14562441192882908,0.02060399665710905,-7.0677749735794055,1.574375695067274e-12,2.5015590490135984e-12,False
hsa-miR-1587,21.482901364773113,0.1588264343611529,0.022522152315121058,7.052009600988225,1.7635203123292804e-12,2.7939493320333074e-12,False
hsa-miR-6127,19.510636253839035,0.14576424317301054,0.021072701934991805,6.917207087286941,4.606344959013864e-12,7.276689862790017e-12,False
hsa-miR-6510-5p,39.4757251832548,-0.16968618648571365,0.024564737019826633,-6.907714352844767,4.925244302325057e-12,7.75797151666808e-12,False
hsa-miR-6768-5p,115.40582793343904,-0.4250923654264529,0.061851950422981604,-6.872739865427207,6.298035434527827e-12,9.89172712339385e-12,False
hsa-miR-4646-3p,17.325349451293746,0.1851907898020504,0.02709267636220105,6.8354557270843666,8.174474199171219e-12,1.2801978271690558e-11,False
hsa-miR-6893-3p,21.3846561781242,0.1412618490885019,0.020721944406241186,6.817017086772784,9.295021313466196e-12,1.451514789638704e-11,False
hsa-miR-6087,461.5896277575949,0.6038897906333953,0.08868250226797741,6.809570943415467,9.78902513494063e-12,1.5242910567264696e-11,True
hsa-miR-2276-3p,19.115551161370195,-0.16067860072660387,0.023604956090920733,-6.806985791784901,9.966477000256949e-12,1.5475014145698112e-11,False
hsa-miR-4726-5p,35.228033982659646,0.1480879077619562,0.0219241567464286,6.754554324470401,1.432749787511868e-11,2.218319983505591e-11,False
hsa-miR-6831-5p,19.318525570284063,-0.19275457134505136,0.028898630797333274,-6.6700243584840875,2.5576097138377354e-11,3.94871754685996e-11,False
hsa-miR-7851-3p,21.849152659619502,0.18558364984112585,0.02788255340746345,6.65590583219146,2.8156049152823735e-11,4.334758979742637e-11,False
hsa-miR-6861-5p,47.2396972723198,0.16227138625573362,0.024508080007780302,6.621138261512904,3.564433764555249e-11,5.472158877979185e-11,False
hsa-miR-6808-5p,44.5820077208768,-0.24408835383294594,0.03687553512018912,-6.61924913190776,3.6102796265778975e-11,5.526973023834141e-11,False
hsa-miR-6792-5p,27.054895039471933,0.14381701306003622,0.021950693665507167,6.551820878719067,5.683969614756289e-11,8.677208515524306e-11,False
hsa-miR-1914-3p,45.600963332926796,-0.18093717965001346,0.02829370456260897,-6.394962499506964,1.6058676251692216e-10,2.4446867478134796e-10,False
hsa-miR-6737-5p,39.54365554958183,-0.1473310741089328,0.023116831118988764,-6.373324845026499,1.849735080851424e-10,2.8080936464178995e-10,False
hsa-miR-483-3p,23.87577135325487,-0.13209233480843174,0.020783738995180913,-6.355561664773588,2.0766642012753837e-10,3.143838860264122e-10,False
hsa-miR-2110,22.053444229638632,0.15354624199835767,0.0242406632019236,6.33424262031631,2.385099495033998e-10,3.600773475882352e-10,False
hsa-miR-6090,1571.8194032657864,0.4103677344308557,0.06516174168938706,6.297679033611415,3.021353052798815e-10,4.548722137500979e-10,False
hsa-miR-6885-5p,305.15203968296316,0.4106614773608233,0.06545547948393833,6.273905265052604,3.5210279351810226e-10,5.286391803508698e-10,False
hsa-miR-6798-3p,19.150042709896578,0.17654875775213275,0.028211711417007845,6.2579953106176225,3.8995754356936046e-10,5.838650034211578e-10,False
hsa-miR-6797-3p,19.16956945941253,0.14712611213880417,0.02354385882016522,6.249022866752464,4.1302845156634884e-10,6.167137153524934e-10,False
hsa-miR-6749-3p,22.90994966263381,0.12820930810079845,0.020545376352130586,6.240299807771736,4.3673300871996883e-10,6.50326474733287e-10,False
hsa-miR-4689,106.01245748554945,-0.23185079665666353,0.03748938766872198,-6.184438078995367,6.232407042803108e-10,9.255209368740311e-10,False
hsa-miR-6857-5p,17.93162184296811,0.25419404599650564,0.04115209234554586,6.1769409891018245,6.535548657162251e-10,9.679005484112573e-10,False
hsa-miR-3194-5p,19.480720932802928,0.16424485179377651,0.026635547011423715,6.1663780257012775,6.987193138903015e-10,1.0319838104883856e-09,False
hsa-miR-583,21.444611925684498,0.12052413088932969,0.019849054803966117,6.0720337607837775,1.263003706178134e-09,1.8603703239650895e-09,False
hsa-miR-572,18.89708896990949,-0.14403650756537878,0.024212150989395456,-5.948934798418552,2.6989311564411982e-09,3.964737143559172e-09,False
hsa-miR-1273f,23.74048560826677,0.14343339677225925,0.02417547734155059,5.933011983417555,2.9742713273153074e-09,4.357467401577534e-09,False
hsa-miR-4433b-3p,48.21402010564367,0.3134572961099806,0.05304432002660363,5.909347050782638,3.434664109020827e-09,5.018477049373595e-09,False
hsa-miR-3151-3p,22.127922563982175,0.13272827734516024,0.022651103909741482,5.859682507044535,4.63752956530966e-09,6.757897361213275e-09,False
hsa-miR-7111-5p,47.656567503003174,-0.22957027580419465,0.039413894086311525,-5.824602747991972,5.724860859267854e-09,8.320131115469281e-09,False
hsa-miR-1469,309.9691681087568,0.3903090021354037,0.06703775825555663,5.822226343659869,5.806883252883081e-09,8.416891948992765e-09,False
hsa-miR-744-5p,74.98673644220888,0.20705171445410198,0.03566825871345291,5.804929142111688,6.439323000308584e-09,9.308835637050872e-09,False
hsa-miR-3154,30.31744795235792,0.12896897337096663,0.022347722394589545,5.771011966847701,7.879687805886561e-09,1.136092554023327e-08,False
hsa-miR-4327,95.12924875941023,0.21355601760443071,0.03715675800906741,5.747434088633792,9.060790121894015e-09,1.30293683810877e-08,False
hsa-miR-6858-5p,82.22601544945815,0.16845795040109796,0.029398549936102854,5.730144880180752,1.0034489219704191e-08,1.4391570065102063e-08,False
hsa-miR-6812-5p,21.434210702775477,0.15022509136001916,0.026250740755324693,5.722699132958659,1.0484484209657938e-08,1.499749053612487e-08,False
hsa-miR-4749-5p,79.29787124500854,-0.15472274331720146,0.027063579796679636,-5.717009519050544,1.0841504601474472e-08,1.546759164346489e-08,False
hsa-miR-7111-3p,23.55705294431485,0.11123227885775407,0.01950828637667382,5.701796493553385,1.1855131146493077e-08,1.6869573041354376e-08,False
hsa-miR-5008-5p,23.923658843854074,0.1515083977169322,0.026642381385742684,5.686743820806121,1.29484469702942e-08,1.8377353121901924e-08,False
hsa-miR-7704,1133.6835242471807,-0.48766901684109853,0.0864969316228479,-5.63799209626856,1.7204440329115566e-08,2.4354337608748007e-08,False
hsa-miR-6891-5p,45.5613952833293,-0.18471415946266143,0.032919723205149014,-5.611048377034048,2.0110453044178838e-08,2.8394292510563383e-08,False
hsa-miR-4747-3p,21.661881694211907,-0.1348162081436141,0.024151369013356894,-5.582135243308739,2.3758351041807584e-08,3.345814294001326e-08,False
hsa-miR-4731-5p,26.47783953470824,0.1291919493623815,0.023253384368676678,5.555834252514599,2.762889534779175e-08,3.8808628774604385e-08,False
hsa-miR-6877-5p,36.31124801070186,0.1638283091232913,0.029519477294678836,5.5498377389230695,2.859348580771736e-08,4.006028217276597e-08,False
hsa-miR-1915-5p,19.45911013292644,0.13645627754366638,0.02468656032691908,5.52755328148611,3.2472762289907494e-08,4.5378603712819447e-08,False
hsa-miR-371b-5p,20.248237287990833,-0.1508172745214552,0.027759252773551915,-5.433045181430418,5.5400372937247805e-08,7.72204686721229e-08,False
hsa-miR-1288-3p,21.087161298516985,-0.12845065239011869,0.02385090615683355,-5.385566969467788,7.221663920633555e-08,1.0040323563125733e-07,False
hsa-miR-6722-5p,20.683709201738033,0.12042426122945761,0.022433857021474612,5.367969543274817,7.962799580798123e-08,1.1042559215101723e-07,False
hsa-miR-602,17.45188508929726,-0.15728082294863996,0.029313159486105807,-5.365536356570153,8.070902035940228e-08,1.1164064998952853e-07,False
hsa-miR-6802-3p,18.49893366552992,0.12437320780681983,0.02318574690429654,5.364209672442008,8.130441710539108e-08,1.1217951220870416e-07,False
hsa-miR-4688,41.07092602204769,-0.13009513812414727,0.02430703769407978,-5.352159311285934,8.691082922615174e-08,1.1961212608144622e-07,False
hsa-miR-6784-5p,490.5379785098607,-0.47171996690476603,0.08914844785462576,-5.291398540937012,1.2138452397207633e-07,1.6663618530171686e-07,False
hsa-miR-4459,115.98111070098453,-0.2788511144580206,0.05366447284373637,-5.1961959128900235,2.0340789434902067e-07,2.785359357291866e-07,False
hsa-miR-3619-3p,45.56511842530921,-0.15960619282397512,0.03192863604594238,-4.998841560106621,5.767576884268058e-07,7.878018551193213e-07,False
hsa-miR-92b-5p,59.26481539682182,0.2896402283488389,0.058007988668248384,4.993109311293501,5.94149067855927e-07,8.095281049537005e-07,False
hsa-miR-6726-3p,18.992810008392745,-0.138596567033224,0.028356320022231263,-4.88767819394635,1.0203213088514612e-06,1.386720980857971e-06,False
hsa-miR-7112-5p,24.241768677613525,0.09239656276623498,0.018922021969177864,4.883017413083021,1.0447464096048707e-06,1.4163850577976482e-06,False
hsa-miR-6822-5p,20.126820657895383,0.12038918401393568,0.024823665773652855,4.849774610714965,1.2360184131261536e-06,1.6715385487686196e-06,False
hsa-miR-765,18.950169001809787,0.09877816620470042,0.02037040017278666,4.849102882949777,1.240210880434995e-06,1.6730567570224562e-06,False
hsa-miR-24-3p,22.516595210402876,-0.1306852340111529,0.02700381901313206,-4.839509328202806,1.301600823761783e-06,1.7515369109880783e-06,False
hsa-miR-1273e,22.03993794465125,0.10762255632895973,0.022441716708374387,4.795647219305603,1.6215043049158281e-06,2.1766498674362717e-06,False
hsa-miR-30c-1-3p,23.253219698543102,-0.10521141663924408,0.022188368269924943,-4.7417374436610595,2.118931211224508e-06,2.8373894597478057e-06,False
hsa-miR-6511a-5p,41.42407784020838,-0.13261201908626585,0.028183659647641787,-4.705280320022666,2.535173650822269e-06,3.3864451953385697e-06,False
hsa-miR-4738-3p,19.2460531674567,0.11914878241390016,0.02533199269077387,4.703490320257955,2.557512268041745e-06,3.4079319953123495e-06,False
hsa-miR-4722-5p,29.886659015063092,-0.11352855264973846,0.024371898573916254,-4.658174343924158,3.190259817727129e-06,4.240711221125086e-06,False
hsa-miR-4697-5p,63.499812719916726,-0.15473755373335527,0.03335301445764206,-4.639387361219483,3.494435308787367e-06,4.6337402513117155e-06,False
hsa-miR-1976,20.578532119242894,-0.11306347961008592,0.024597152810570937,-4.5966084156494516,4.294235767055297e-06,5.680481779235769e-06,False
hsa-miR-6763-5p,41.711638621083054,-0.13382752981337662,0.029123698635594997,-4.59514196626841,4.324547374249388e-06,5.706727164566384e-06,False
hsa-miR-23a-5p,23.43630149915877,0.09435626161398435,0.02070020039318996,4.5582293804762415,5.1586679366749785e-06,6.791000061564888e-06,False
hsa-miR-4728-5p,45.71993137603576,0.12051875876320535,0.026518084158664853,4.544776238061132,5.499364312064271e-06,7.222056747168741e-06,False
hsa-miR-342-5p,19.98118220319307,0.11447380814835906,0.025354363230213648,4.51495496490899,6.333022256219822e-06,8.296868100095678e-06,False
hsa-miR-4448,27.30311927425493,0.14510146900196128,0.03233218343966195,4.487833903106124,7.1950988831976045e-06,9.40366640609759e-06,False
hsa-miR-7110-5p,33.78627165139578,-0.1934961768938537,0.043171377276161535,-4.482047808113336,7.393017566155754e-06,9.639221467834655e-06,False
hsa-miR-6721-5p,41.81196810569068,-0.17011461969817618,0.03797187533749172,-4.480016280107521,7.463734610116983e-06,9.708198955880085e-06,False
hsa-miR-484,23.66536156615726,-0.09519394038852369,0.02152254364994373,-4.422987446875155,9.734539950356243e-06,1.263172445939084e-05,False
hsa-miR-636,22.346990463160683,-0.10037622653954024,0.022705656208775096,-4.420758669848426,9.83549702164543e-06,1.2732413009018432e-05,False
hsa-miR-4640-5p,55.62610312365249,-0.13641784432605752,0.030929768172490782,-4.410567953994198,1.0309984439088074e-05,1.3315027296926542e-05,False
hsa-miR-1236-5p,22.609998804188475,-0.11562527961340943,0.02638690017153259,-4.381919773136192,1.1763812955312891e-05,1.5156685722566254e-05,False
hsa-miR-6845-3p,23.057043362253427,-0.10727464722692844,0.024492426933139026,-4.379910881015325,1.1872785514435952e-05,1.5261009682470742e-05,False
hsa-miR-6730-3p,20.387815143290414,-0.10585440545740575,0.024339153334489275,-4.349140826826011,1.3667192881171948e-05,1.752616498879697e-05,False
hsa-miR-5088-5p,18.41577335667487,0.10597514962249202,0.024508004328244522,4.324103595018538,1.5315332000499942e-05,1.9593558545240536e-05,False
hsa-miR-6810-5p,20.78193143449036,0.08989215364179987,0.020842724600778628,4.3128792115039385,1.6114216487873836e-05,2.0567325493890496e-05,False
hsa-miR-6858-3p,20.802389621369468,0.09738587939443048,0.022702738995839546,4.289609258701217,1.7898774372805242e-05,2.2791663628922566e-05,False
hsa-miR-1908-3p,20.54609207543195,-0.14875351204700338,0.03566694484948585,-4.170626687391974,3.03763127320633e-05,3.8589954403203955e-05,False
hsa-miR-6511b-5p,19.961736662168278,0.09715875089942236,0.023465547321409517,4.140485178914901,3.465720023669323e-05,4.3925986346506536e-05,False
hsa-miR-5195-3p,28.606182546592645,0.11239165331088326,0.027202293218311923,4.1316977362490865,3.6009373617939714e-05,4.5533894714100096e-05,False
hsa-miR-4497,887.9510918901203,-0.24934309300506452,0.06039103932413567,-4.1288094358961125,3.6464645899356076e-05,4.6002851886919125e-05,False
hsa-miR-3663-3p,606.5804963294343,0.18604286723956437,0.04609520498142492,4.036056837463559,5.4357052989849475e-05,6.841707593410615e-05,False
hsa-miR-3621,322.00596102074854,-0.2753502658207444,0.06842532079887809,-4.024099011973636,5.719385285450648e-05,7.182177374586644e-05,False
hsa-miR-346,18.899736396444883,-0.09836700163177549,0.0244966060165093,-4.015535930384878,5.9310861579522895e-05,7.43090104846896e-05,False
hsa-miR-6511a-3p,19.796939670418666,0.09932825633032402,0.025509060743431268,3.8938421657058315,9.866886176171594e-05,0.00012333607720214492,False
hsa-miR-3195,64.55174695067565,-0.13481393243863726,0.03464270077617357,-3.8915537593234966,9.960431321663488e-05,0.0001242204821580458,False
hsa-miR-6780b-5p,155.88900705699194,-0.20775800284704377,0.05351625325874256,-3.8821477625230396,0.0001035379286315214,0.0001288314408771214,False
hsa-miR-1225-3p,28.84472788817005,0.0830626970768457,0.02151152716070604,3.861311029026888,0.00011278022337047686,0.00014001189461710682,False
hsa-miR-6807-5p,24.930347602752366,-0.08800566037301193,0.023121738473429427,-3.8061869990504604,0.00014112569554226807,0.00017480341834212747,False
hsa-miR-1199-5p,19.942749504713724,0.10401011389169092,0.027519542099660833,3.7795001644657744,0.00015714348958122704,0.00019420227170469098,False
hsa-miR-4632-5p,91.51697414866099,0.1270946465296017,0.03407256993825368,3.7301162418896685,0.0001913914501992086,0.00023599172026825496,False
hsa-miR-873-3p,19.883738680031442,0.0760303108566487,0.020535210135634675,3.7024364666575083,0.00021353884519853495,0.0002627058027837507,False
hsa-miR-6862-3p,21.098179313742527,0.09391238995966109,0.025582546091127006,3.6709555657649515,0.00024164535139373366,0.00029661422637293884,False
hsa-miR-1237-5p,436.5219976637127,0.3446846339692669,0.09391271070496983,3.6702660521865473,0.00024229814349780693,0.0002967471645085501,False
hsa-miR-1207-5p,39.97059408860088,0.11313675461522281,0.031143140621881248,3.6327985025290817,0.00028036395053331054,0.0003425972041270275,False
hsa-miR-6877-3p,22.892480007509583,0.08005303369266123,0.02206441709250086,3.628150852889254,0.00028545845974305053,0.0003480421936464486,False
hsa-miR-3713,18.550752050637175,0.07407417237443427,0.02073437910270751,3.5725290835818475,0.00035355020345708663,0.0004301001359020362,False
hsa-miR-6826-5p,32.71101227512414,0.0883426734248299,0.02477552888361709,3.565723009983727,0.00036285445642408973,0.00044043581013614456,False
hsa-miR-4462,21.818136938020622,-0.08435600929333512,0.024292291597211954,-3.4725422653421765,0.0005155538272703453,0.0006243929685829737,False
hsa-miR-198,20.18140085142353,-0.0811203261051132,0.023477487119959898,-3.4552388716314955,0.0005498054809403432,0.0006643990845066232,False
hsa-miR-6859-3p,18.72132139664404,0.08881275413451221,0.02571333453243485,3.4539570907259667,0.0005524252639993731,0.0006660879842470316,False
hsa-miR-6813-3p,20.648351225914393,-0.08671944296579831,0.025157912178683087,-3.4470047573851463,0.0005668386004749093,0.0006819581396442065,False
hsa-miR-4769-3p,18.16662489126052,0.0932212187323199,0.027283233981983266,3.4167950468730863,0.0006336296217795592,0.0007606346781274443,False
hsa-miR-6756-5p,74.36024935646245,0.10100177292264396,0.02981229694531285,3.3879232153067513,0.0007042397661491882,0.0008435399396732034,False
hsa-miR-4513,23.744400404595236,0.08128870780678885,0.02419951958800003,3.3591041967253763,0.000781955776260975,0.0009345743378557705,False
hsa-miR-5001-5p,70.7297366183884,0.0746739981848937,0.02295049230709056,3.253699188048491,0.0011391283353274603,0.0013584790869878903,False
hsa-miR-92a-3p,23.425035858119323,0.09647176456261462,0.029756108905708893,3.242082654970587,0.0011865960241718245,0.0014119974523442017,False
hsa-miR-2861,562.8828651365482,-0.24431783192633574,0.07642198909631387,-3.196957247716026,0.0013888550953738271,0.0016490763115005137,False
hsa-miR-139-3p,19.515330948256178,0.08318402265784056,0.026043975663372174,3.193983274021763,0.0014032424724398126,0.0016625372771297778,False
hsa-miR-7155-5p,25.833249499649774,0.05894814210490378,0.0188266226616203,3.131105518201874,0.0017414957609300816,0.002058818198930357,False
hsa-miR-4463,201.24066161646178,-0.2153984825767499,0.07055403344099662,-3.0529577413442244,0.0022659784604630384,0.0026730698289012035,False
hsa-miR-6759-5p,19.45185384494311,0.07659433551757978,0.02581803101906347,2.9666993374136155,0.00301015161801457,0.0035432670233648826,False
hsa-miR-6794-5p,74.28911489930042,-0.07950976086192552,0.027198441488460668,-2.9233204739197527,0.0034631986926588923,0.004067765705817018,False
hsa-miR-423-5p,39.691250604958896,0.08615670110897006,0.03097965803806687,2.7810733418394515,0.0054179495529875,0.00635006990618965,False
hsa-miR-4685-3p,20.920845905999204,-0.06473655262586138,0.023298523344385903,-2.778568910525419,0.005459893101288416,0.006385497296571217,False
hsa-miR-6846-5p,24.924578165495646,-0.06260826200740566,0.023092758045633852,-2.7111643348830303,0.006704738748708979,0.007824588047208552,False
hsa-miR-3173-3p,19.22057765563189,-0.06253959710931371,0.023166659621916132,-2.699551775265433,0.006943295102311504,0.00808567485205079,False
hsa-miR-4487,18.82827426515225,-0.06649493208287163,0.024770820133790703,-2.684405753371229,0.007265886569876351,0.0084433010246964,False
hsa-miR-4695-5p,57.05415311298763,0.09494277209441757,0.03549766813833621,2.6746199700898887,0.007481400304786232,0.008675240778954247,False
hsa-miR-4648,22.575024496860394,-0.07526875049041748,0.029095505026892888,-2.586954597311399,0.009682834992606243,0.011204129662357542,False
hsa-miR-6775-5p,95.62190227883417,-0.0875416172040902,0.03431961888413048,-2.55077474780962,0.010748376845981617,0.012410731739533857,False
hsa-miR-4792,27.39554099375009,-0.06344502233996965,0.02492057343116026,-2.5458893438077586,0.010899973479508083,0.012559166059898319,False
hsa-miR-766-3p,22.262448660989875,0.0480562537991716,0.01928311143988176,2.4921420979697597,0.012697522699621731,0.014599472302307688,False
hsa-miR-6726-5p,86.94066019641755,-0.13166355151175746,0.05301507351448541,-2.4835116276087548,0.013009408715830093,0.014926584737110317,False
hsa-miR-4417,37.43203491901284,0.1500267770785986,0.06148991221306063,2.439859997827944,0.014692954910917615,0.01682281602195399,False
hsa-miR-6825-3p,21.492699535325844,0.0580355809127684,0.024470297488245918,2.371674514404463,0.01770768213663734,0.02023204772425021,False
hsa-miR-4508,998.3428626893149,0.17416853034470806,0.07408557495280974,2.350910152963625,0.01872755525787519,0.02135254731284933,False
hsa-miR-3918,23.51209624089973,-0.04719872476982959,0.020488311646215764,-2.303690298392513,0.021240034828406387,0.02416663670455424,False
hsa-miR-4276,20.682275648250997,0.05521969787010812,0.02481401486792535,2.2253431443488503,0.026058211189351584,0.029586927287909612,False
hsa-miR-197-3p,21.351340267584845,0.0488551211651663,0.022111761017784552,2.2094631506677365,0.027142442753948975,0.030753911228486884,False
hsa-miR-6741-5p,47.27837606528748,0.048706559454188135,0.02231574215595884,2.1826098865003383,0.029064551100522997,0.03286344470909758,False
hsa-miR-6889-5p,39.458710785947844,-0.1025888253154412,0.047403322552338055,-2.1641695094721003,0.030451342424903383,0.03436021039663011,False
hsa-miR-4274,22.481810344616903,-0.04347024506280941,0.021503761127057357,-2.021518226786498,0.043226147489571244,0.048674071036810596,False
hsa-miR-3187-3p,21.942438257650178,-0.05145728622009852,0.02554023879760583,-2.0147535278692144,0.04393048054220418,0.049365179165982015,False
hsa-miR-6732-3p,19.04209323680002,-0.05251010929190767,0.026278287620549033,-1.998231774084318,0.0456915382661255,0.0512384534054288,False
hsa-miR-7109-3p,20.662890809056588,0.043547111700616634,0.02211974249407796,1.9686988540791261,0.0489876829820845,0.054821945021018594,False
hsa-miR-6816-5p,108.47708401863673,-0.16947511397836226,0.08811776028819097,-1.9232798634927892,0.05444491207412358,0.06080425631228966,False
hsa-miR-5100,62.22853037657902,0.12665839481873464,0.06630608934477976,1.9102075853114144,0.056106490902648944,0.06253177411440423,False
hsa-miR-4725-3p,111.17524265719277,-0.10524331409149333,0.05564092276845029,-1.8914731973346919,0.05856120557017378,0.06513440211376471,False
hsa-miR-4442,102.05650438491037,0.08899953654638228,0.04726046268105281,1.8831710799577737,0.059677186934782085,0.06624046207628562,False
hsa-miR-4488,925.5547292125752,-0.16103806482863783,0.08625882591886122,-1.8669169573455264,0.06191318542689936,0.06858269523914665,False
hsa-miR-6790-5p,24.16467630578444,-0.034709736213462274,0.020960693657410014,-1.655944062766821,0.09773314727036321,0.10804171452808915,False
hsa-miR-663a,228.0310884466201,-0.08871988272653913,0.054102191070977586,-1.6398574802662984,0.10103480342671742,0.11146552199911132,False
hsa-miR-6782-5p,30.479407237254787,0.0375566053797564,0.022932914505028698,1.6376725850314855,0.10149001245916796,0.11174152886918493,False
hsa-miR-6815-5p,19.18453218690334,0.0387281480161847,0.023705535810527627,1.633717471131175,0.10231818813920199,0.1124262349513409,False
hsa-miR-532-3p,20.605787524775007,0.033902049541386314,0.021847802208638915,1.5517372968518082,0.12072509461902432,0.13217182745117645,False
hsa-miR-877-3p,20.799070575326862,0.03152117188412276,0.020316120226829847,1.55153501417536,0.12077352306547866,0.13217182745117645,False
hsa-miR-4450,22.68901411496726,-0.050943071079279374,0.03364515402827816,-1.5141280386608607,0.1299933685359147,0.14197672515445595,False
hsa-miR-1233-3p,20.827563700093023,-0.033349796273267146,0.02224916465170792,-1.4989235234369622,0.13389347304532123,0.14594388561940017,False
hsa-miR-4665-5p,83.42157831546798,0.07549266049367906,0.0514787181987075,1.466482910516107,0.1425167735538903,0.15503321674025994,False
hsa-miR-345-3p,22.80400909209609,-0.034792535376761385,0.024876974144361904,-1.398583894281481,0.16193779880363957,0.17580896483662062,False
hsa-miR-6515-3p,34.606206385304155,-0.031475269405854114,0.023027193090655075,-1.3668739078158618,0.17166483170404323,0.18599867451034505,False
hsa-miR-365a-5p,32.96850961130149,-0.02950629309270843,0.02224487453119995,-1.326431086465507,0.18469694757287292,0.1997218976730471,False
hsa-miR-6729-3p,26.681465793243426,0.027263499835109065,0.021861468576706514,1.2471028531065125,0.2123597869474959,0.229180364131456,False
hsa-miR-5739,37.40317837618676,0.02670870703365442,0.021590687978488676,1.2370475206841465,0.21606944102616477,0.2327230145439917,False
hsa-miR-210-5p,21.69719191505746,-0.03199677510038343,0.02732517531467563,-1.1709632136632186,0.24161356397067912,0.25972266738465505,False
hsa-miR-557,26.325607572641406,0.035370120889362686,0.0332998659411604,1.0621700685480342,0.2881584853125444,0.3091464064868833,False
hsa-miR-6861-3p,21.43190385213131,-0.023808581038844864,0.02348258693997485,-1.0138823758942448,0.31063888194815426,0.3326094119091239,False
hsa-miR-296-3p,23.12630274650737,0.026193114848678516,0.026108090284494134,1.0032566366692428,0.3157370526543296,0.3374052817580581,False
hsa-miR-6779-5p,45.615425660629946,-0.024018606869781137,0.024484603138074098,-0.9809677834815168,0.32660862890190767,0.3483399271067313,False
hsa-miR-1234-3p,21.858101145581717,0.020648974001569974,0.021809111171045652,0.9468049311878464,0.3437381885540586,0.3658931889882069,False
hsa-miR-6804-3p,20.3260275567586,-0.02093982800442501,0.02365697276610865,-0.885144021234354,0.37607895949083625,0.3995380758723309,False
hsa-miR-6511b-3p,20.374543028344302,-0.022549898622091887,0.025729603921433728,-0.8764184124617237,0.38080261229311696,0.4037693068088497,False
hsa-miR-6132,82.64119186769265,0.03280473085775849,0.04508294736168365,0.7276527551443872,0.4668261779434695,0.494019935881924,False
hsa-miR-7109-5p,50.217710144114335,-0.020001757422100735,0.029591020872862615,-0.6759400937209293,0.49907868064404004,0.5271276762616315,False
hsa-miR-125b-1-3p,19.59846730553,-0.018414024620777097,0.027993006039215867,-0.6578080465878008,0.5106614832082699,0.5383181979661646,False
hsa-miR-4758-5p,81.92743997269721,-0.019784638777383137,0.030386329754516796,-0.6511032736502912,0.5149798234387144,0.5418224011082999,False
hsa-miR-4484,215.80480150489004,-0.05275593721793862,0.08626831331986987,-0.611533194376104,0.5408466497803486,0.5679410869562427,False
hsa-miR-8052,20.522623266004597,-0.012596178377784227,0.023804428461897977,-0.5291527329860499,0.5966995028848365,0.6251259650559396,False
hsa-miR-6894-5p,25.4893143016449,-0.009968596440438748,0.018884975014769843,-0.5278585983112162,0.597597482191091,0.6251259650559396,False
hsa-miR-6827-5p,18.09198276540933,-0.01233626219430298,0.02383997374019722,-0.5174612324971851,0.6048342246376154,0.6314840084818014,False
hsa-miR-6789-5p,112.78305639500303,0.026368181701170626,0.052409645279234585,0.5031169656020942,0.6148820393279792,0.6407470581907241,False
hsa-miR-6848-5p,26.906166426778867,0.02320548715503867,0.047046354345012954,0.49324729786418653,0.6218378617455056,0.6467588447543904,False
hsa-miR-4419a,21.87427980958517,0.011014065962126545,0.02242643970825128,0.4911196830798863,0.6233418008609601,0.6470881551794729,False
hsa-miR-4535,19.368368978667206,0.012695378185025787,0.026536766227811124,0.4784071305463266,0.6323604594655446,0.6552023772028932,False
hsa-miR-4665-3p,21.566500796612132,-0.007960063623421132,0.022852860924036808,-0.34831803553526547,0.7276013505295643,0.7524530095609346,False
hsa-miR-6749-5p,153.2510880957881,0.01643061408079683,0.04875048106796932,0.33703491167376987,0.7360905824606365,0.7597904686383464,False
hsa-miR-6743-5p,120.17407402720572,0.017111213859903725,0.0640330993923025,0.26722451392007246,0.7892963028434468,0.8131691588840804,False
hsa-miR-6124,49.5180613892391,0.007496633230487266,0.028878723956663483,0.25959018278428786,0.7951799097988959,0.8176850015856572,False
hsa-miR-449b-3p,17.44362242557294,-0.0060413187666371595,0.023840101320663755,-0.2534099450911628,0.7999514433460744,0.821042441852374,False
hsa-miR-6089,1338.2841032446258,-0.021752895001380574,0.08659576518987333,-0.2512004478935466,0.8016591382949559,0.8212485533284792,False
hsa-miR-128-2-5p,284.4398264459592,0.011719402368456129,0.04990954659318687,0.23481283979558212,0.8143540016244061,0.8326884256759874,False
hsa-miR-5196-5p,25.71587727406192,-0.006212019112120582,0.027727394688217274,-0.2240390480956501,0.8227269194093096,0.8396744776742954,False
hsa-miR-6860,21.25546634002369,0.0051999417598180345,0.023792214428120396,0.2185564431393213,0.8269955857887256,0.8424534472053372,False
hsa-miR-3185,37.19002601202918,-0.006602849486504013,0.035711960860559486,-0.1848918213224254,0.8533138860350342,0.8676419177035329,False
hsa-miR-668-3p,18.554881389265184,0.004128055182536698,0.02295213551126827,0.17985494990259376,0.8572664431440975,0.8700376378278084,False
hsa-miR-874-5p,19.670700697574087,-0.004714099632341584,0.026988862034462685,-0.17466833637972745,0.8613402491555452,0.8725472784196509,False
hsa-miR-6752-5p,190.40515337877616,0.012541518706111445,0.08788357251205106,0.14270606380267126,0.8865223275164805,0.8963908506428235,False
hsa-miR-6802-5p,88.68868789173261,0.003911088247914738,0.028144213150279172,0.1389659830612796,0.889477029762837,0.897712928186567,False
hsa-miR-5006-5p,19.361606988897815,0.002435209381441109,0.02427841900910316,0.10030345800227067,0.9201034122509026,0.9269063949662514,False
hsa-miR-30b-3p,18.565195784033367,-0.00201880833176878,0.025411777591326602,-0.07944380610578884,0.9366796264903567,0.9418642000687167,False
hsa-miR-208a-5p,22.596831900021797,-0.0018015343077093216,0.024477186121124008,-0.07360054782418732,0.9413282352224884,0.9447953742104166,False
hsa-miR-5787,948.1494166269683,0.004893044413746434,0.086979795268001,0.05625495436808111,0.9551387031800396,0.956894472855003,False
hsa-miR-4525,74.42864647882095,0.00109275510391166,0.038893848742190325,0.028095833640816515,0.9775857170362399,0.9775857170362399,False
