"mirna","log2FC","avg_expr","t_stat","p_value","fdr","B_stat","significant"
"hsa-miR-4783-3p",1.77834701197068,8.5716251183725,49.6660281351191,0,0,953.150623864757,TRUE
"hsa-miR-575",-1.18870343391407,9.61842108718313,-47.139507710468,0,0,875.878655599773,TRUE
"hsa-miR-885-3p",1.23247182111108,8.25110828542632,44.738985319147,0,0,803.603302774485,TRUE
"hsa-miR-1908-5p",-2.12478431841645,13.29270504239,-41.9690013765577,1.31698138555443e-319,1.79438713781791e-317,720.590544649795,TRUE
"hsa-miR-4286",1.36956448701437,8.09681656444368,39.9683693078179,1.77886892072739e-294,1.93896712359286e-292,663.988851323792,TRUE
"hsa-miR-1307-3p",1.06336121836934,9.10629426581966,38.160205259936,3.18904710608502e-272,2.89671778802723e-270,612.795948390314,TRUE
"hsa-miR-4732-5p",0.916257686636587,8.52681849989325,36.7131030516176,9.21962091084303e-255,7.17813342344207e-253,572.620127843426,TRUE
"hsa-miR-1202",-0.972786914719171,9.19945001440572,-36.1450461879882,5.34484158244677e-248,3.64117332804186e-246,557.138218453825,TRUE
"hsa-miR-486-3p",-1.17618435675114,9.9870067039166,-35.1962508410159,8.00506950467388e-237,4.84751431116363e-235,531.448503250821,TRUE
"hsa-miR-3180-3p",-1.33046184365339,10.5222858029512,-33.9459195458467,2.44407087323212e-222,1.33201862591151e-220,498.158828342556,TRUE
"hsa-miR-1228-5p",-2.70271136018912,12.4252556071959,-32.7821809988467,4.05116299576064e-209,2.00716712062686e-207,467.603625168659,TRUE
"hsa-miR-1225-5p",2.02104235007711,7.87190299951953,32.3063686897498,9.11741754811782e-204,4.14082713643684e-202,455.361513217461,TRUE
"hsa-miR-6131",2.10806325143889,9.87374319910419,32.2352643832368,5.35358222690828e-203,2.24438639512693e-201,453.704778886434,TRUE
"hsa-miR-4271",-1.32259979687126,9.67073842330778,-31.4798599864376,1.21034464868131e-194,4.71169881093795e-193,434.477789042645,TRUE
"hsa-miR-6769a-5p",1.25971209671941,8.42081245013299,30.8189036821947,2.01164539235515e-187,7.30897825889039e-186,417.741752820215,TRUE
"hsa-miR-1260a",0.959030614078811,8.48866683872623,29.718583517649,1.22533076128425e-175,4.17378290562447e-174,390.646839670312,TRUE
"hsa-miR-125a-3p",-1.22952406379533,8.59817913071169,-29.5311414930291,1.17566919267868e-173,3.76905711770519e-172,386.26856488459,TRUE
"hsa-miR-498",-0.661167997352864,8.84813070553033,-28.0559676178209,2.41354108739294e-158,7.30766607016196e-157,350.98034864686,TRUE
"hsa-miR-1246",1.04078432677014,8.35713531795278,27.9825628388416,1.35502742543818e-157,3.88678919402004e-156,349.164505500418,TRUE
"hsa-miR-2467-3p",1.28378751909592,8.12328688687116,27.8213685539545,5.98617865171929e-156,1.63123368259351e-154,345.400943127211,TRUE
"hsa-miR-658",1.00916593283053,8.1907349878207,27.4195048492872,6.71762088911605e-152,1.74338256408012e-150,336.09704753962,TRUE
"hsa-miR-4707-3p",-0.715017454501673,9.0765589740579,-26.9291655588707,5.2873737369359e-147,1.30982667574094e-145,324.905908457516,TRUE
"hsa-miR-1238-5p",0.914312612845817,8.18054623141714,26.9170014861514,6.9810965472981e-147,1.65421635577281e-145,324.575906408003,TRUE
"hsa-miR-135a-3p",-1.30687424113559,8.43512676027051,-26.2746158619528,1.45604860561102e-140,3.30644370857503e-139,310.238274778485,TRUE
"hsa-miR-4454",2.54213085684159,9.07321727273447,26.1926057553425,9.52009651775877e-140,2.07538104087141e-138,308.230466183049,TRUE
"hsa-miR-6800-5p",-1.15678959099576,10.0552163159681,-26.0855487859964,1.00607194246832e-138,2.10888157171244e-137,305.940854425143,TRUE
"hsa-miR-7150",1.94786144188451,8.41903886830431,25.8704243379679,1.25851425920467e-136,2.54033433802425e-135,300.956155527803,TRUE
"hsa-miR-8071",-0.76114160862906,9.42325451230903,-25.7900581198389,7.22125568734945e-136,1.4055658391448e-134,299.331956063096,TRUE
"hsa-miR-7107-5p",1.51143059107027,8.58841969406108,24.6599511595342,3.77058645681648e-125,7.08610213436201e-124,274.566531170661,TRUE
"hsa-miR-4467",-0.840491131268486,12.0013204347526,-24.5910913078164,1.6058236924695e-124,2.91724637465293e-123,273.459025076498,TRUE
"hsa-miR-491-5p",-0.660715306895712,8.56173709148053,-24.5393074445622,4.86294193765585e-124,8.54936566458851e-123,272.17173596529,TRUE
"hsa-miR-1254",-0.681103246300577,8.69801609503063,-24.3250012282597,4.6814324265031e-122,7.9730646013881e-121,267.611823434131,TRUE
"hsa-miR-1913",-0.672943903515062,8.84715291075491,-23.3603115614293,2.74075123017244e-113,4.52639218316358e-112,247.457964132448,TRUE
"hsa-miR-3648",-2.0045132223548,12.803320980958,-23.3107828248047,7.59963348761772e-113,1.21817654433872e-111,246.65489648929,TRUE
"hsa-miR-4532",2.39675443655765,12.3665596457688,23.2222460297919,4.6857310436252e-112,7.29635262507352e-111,244.746468414597,TRUE
"hsa-miR-6875-5p",-0.697793853143352,10.7257799234929,-23.169594070886,1.37876465922782e-111,2.08729649799767e-110,243.664564869644,TRUE
"hsa-miR-1185-2-3p",0.952807799668737,9.1501393335813,23.0899755128139,7.02625148328831e-111,1.0349478536195e-109,241.800341243542,TRUE
"hsa-miR-1915-3p",-1.7554718980667,10.5241921800144,-23.0859947381493,7.63384574424457e-111,1.09485419226666e-109,241.949498777911,TRUE
"hsa-miR-675-5p",0.762633249796123,8.63815612278591,22.5010617878193,1.0469650893283e-105,1.46306659918955e-104,229.898581452153,TRUE
"hsa-miR-4708-3p",1.02047470120506,8.17010477758177,22.3906199443418,9.58960372024674e-105,1.30658350688362e-103,227.726106644613,TRUE
"hsa-miR-4322",0.716898385122453,8.15962175784124,22.1970680902102,4.46591413201661e-103,5.93639805353427e-102,223.921144251895,TRUE
"hsa-miR-486-5p",-1.02651787241398,8.26197026671434,-22.0336259281685,1.12827787907696e-101,1.46407486689749e-100,220.889016485472,TRUE
"hsa-miR-6757-5p",0.816364066844191,9.39247149845389,22.0228893163547,1.39400560660062e-101,1.76682105952869e-100,220.466745286375,TRUE
"hsa-miR-1233-5p",1.65574288348398,12.0987573210727,21.9698887571986,3.95508456472574e-101,4.8989115631262e-100,219.781555604588,TRUE
"hsa-miR-6805-3p",-0.725736217242172,9.41063941496527,-21.9086214003821,1.31711506488683e-100,1.59517268969627e-99,218.289697427235,TRUE
"hsa-miR-3131",-0.679256578328832,9.19046881585618,-21.7496060870146,2.95337492578495e-99,3.49910724902782e-98,215.188023839178,TRUE
"hsa-miR-4257",0.632391583985097,8.9844506383227,21.4954963069029,4.09908133221515e-97,4.75319005544097e-96,210.161228418437,TRUE
"hsa-miR-7975",0.792737345791064,9.21799603505899,21.3629993029001,5.27067247815069e-96,5.98440937623359e-95,207.632187797348,TRUE
"hsa-miR-4486",-0.563983087235705,9.63931876139208,-21.2496479433904,4.63935906696922e-95,5.1601034520372e-94,205.556022694229,TRUE
"hsa-miR-3141",-0.61389048477222,9.7312873637778,-20.9980279737668,5.61049000874976e-93,6.11543410953724e-92,200.785891499925,TRUE
"hsa-miR-6778-5p",0.534683827300094,9.05864603320369,20.985919334054,7.05862015811097e-93,7.54303526700093e-92,200.436945751983,TRUE
"hsa-miR-6890-5p",0.455005659079232,8.26956347598065,20.8991695854656,3.6457885276303e-92,3.82106682222791e-91,198.859556029276,FALSE
"hsa-miR-3652",-0.621150533435692,8.54808850461416,-20.8001508080943,2.35952626598461e-91,2.42630531124832e-90,197.111729822931,TRUE
"hsa-miR-1909-3p",-0.648121888509126,10.4052926306553,-20.5998568627948,1.00907521292758e-89,1.01841850193617e-88,193.40460972393,TRUE
"hsa-miR-6816-5p",2.22147775005957,7.8965702996216,20.4688361967413,1.17793008204808e-88,1.16722162675674e-87,190.779440840885,TRUE
"hsa-miR-150-3p",-0.924756556566682,8.17949462345242,-20.3856438622885,5.42381898739185e-88,5.27853812165814e-87,189.498075265667,TRUE
"hsa-miR-4419b",0.53291757536762,8.67274805207101,20.3445278031968,1.1608178194037e-87,1.10990475714915e-86,188.459064790317,TRUE
"hsa-miR-6738-5p",0.50956921145079,9.07792966982205,20.2399943120943,7.98897999781599e-87,7.50688637725813e-86,186.534022837513,TRUE
"hsa-miR-1193",-0.707759834921752,8.33172367048912,-20.199463117844,1.6840927165208e-86,1.55564496695565e-85,186.01807562337,TRUE
"hsa-miR-296-5p",0.566875538890738,9.32114228709402,20.1971648168298,1.75677189843969e-86,1.59573447441605e-85,185.77136243383,TRUE
"hsa-miR-4281",-1.82793041880391,11.5304294367115,-19.9381709123119,2.00271694062098e-84,1.78931267645645e-83,181.417849286475,TRUE
"hsa-miR-6088",2.74535793733949,10.5108371205378,19.8245404385758,1.59171427536681e-83,1.39916819366921e-82,179.378229269696,TRUE
"hsa-miR-939-5p",1.33981740585634,7.83792118606887,19.7650200432438,4.66503379151992e-83,4.03562447044183e-82,177.941370283641,TRUE
"hsa-miR-1910-5p",-0.724664486836582,8.06579393125953,-19.72578501329,9.38003677331247e-83,7.9876875647739e-82,177.462602717098,TRUE
"hsa-miR-1469",2.42234856283299,10.6198250524741,19.6842991419264,1.9989218547247e-82,1.67601909357686e-81,176.830110526344,TRUE
"hsa-miR-663b",0.943272336730626,9.41067322808962,19.6199824128004,6.30100730366313e-82,5.20310451590365e-81,175.332766308115,TRUE
"hsa-miR-1273g-3p",0.799105048722852,8.85271917679894,19.6070189366872,7.95164069021961e-82,6.46812563607416e-81,175.041749207819,TRUE
"hsa-miR-4690-5p",0.594810441887637,8.40158192293676,19.5298398977413,3.16571130749702e-81,2.53722450380276e-80,173.711720978396,TRUE
"hsa-miR-637",0.39452602524338,8.48450004837741,19.4822148706896,7.41358391818497e-81,5.85565686291421e-80,172.857562881278,FALSE
"hsa-miR-8069",-2.01716059283485,12.4007170575636,-19.3326230959742,1.06166369595917e-79,8.2658102042535e-79,170.661557081997,TRUE
"hsa-miR-371a-5p",0.572777020183112,8.92836572814506,19.1142708089472,5.01277753002562e-78,3.84783627304784e-77,166.32387991721,TRUE
"hsa-miR-3616-3p",-0.565167980057609,8.48210011238037,-19.0231624779659,2.47710482959961e-77,1.87503073907193e-76,164.928778468266,TRUE
"hsa-miR-614",0.89339691720701,9.72830408012064,18.9854377675429,4.79120226967968e-77,3.5769934753088e-76,164.194400345621,TRUE
"hsa-miR-25-5p",-0.626390980094677,8.13181977844959,-18.9535486953728,8.36098914554437e-77,6.15775551935363e-76,163.764930689108,TRUE
"hsa-miR-6746-5p",0.434518083680265,9.03478391667949,18.8832879917625,2.84347103363554e-76,2.06625561777516e-75,162.305329002242,FALSE
"hsa-miR-5090",-0.756398243025172,9.13085014210635,-18.6374142582278,2.00066191183741e-74,1.43468518677814e-73,158.213013699115,TRUE
"hsa-miR-187-5p",-0.61869137952046,9.59931686367272,-18.544976501745,9.78266315981146e-74,6.92409275597045e-73,156.591887155614,TRUE
"hsa-miR-1343-5p",-1.24113172826575,10.6117557484942,-18.5344559571775,1.17145132778868e-73,8.18514068775422e-73,156.580749565146,TRUE
"hsa-miR-4734",1.70190019621046,13.0216870628741,18.4772889981981,3.11433531341465e-73,2.14849714659618e-72,155.85654127169,TRUE
"hsa-miR-494-3p",-0.525206625985899,8.34469694084995,-18.4543837549613,4.60467657062496e-73,3.13693591373825e-72,155.117223150146,TRUE
"hsa-miR-887-3p",-0.592944436687992,9.16210517642238,-18.2414885402886,1.71109708185974e-71,1.15129371557229e-70,151.458317807626,TRUE
"hsa-miR-652-5p",0.755872841334085,8.13466327839607,18.2115753397826,2.8356590729645e-71,1.88467584727519e-70,150.895486080627,TRUE
"hsa-miR-4507",0.685949169240907,8.34282906426995,18.0149182735804,7.71647070709611e-70,5.06683919923781e-69,147.56762104168,TRUE
"hsa-miR-4447",0.691117697570707,8.40118727599319,18.0112383667022,8.20764050469934e-70,5.32519532745374e-69,147.501943076148,TRUE
"hsa-miR-4433b-3p",1.27215794945965,8.61923423856922,17.9743050398109,1.5343933246398e-69,9.83816896386696e-69,146.828656872056,TRUE
"hsa-miR-4530",-0.799680550124318,11.0885500072066,-17.8651492337138,9.35722724108062e-69,5.92987075161505e-68,145.410263405129,TRUE
"hsa-miR-6754-5p",0.383602643659103,8.28962771113215,17.7626366116632,5.11161218353646e-68,3.20210188508893e-67,143.427814665968,FALSE
"hsa-miR-6765-3p",0.471084773984233,8.94700323217039,17.6313225332795,4.44513794476255e-67,2.75295474988135e-66,141.199128576142,FALSE
"hsa-miR-4484",2.46065153645629,8.95632825700885,17.539039779715,2.03480958869549e-66,1.24603508521241e-65,139.792321804033,TRUE
"hsa-miR-6885-5p",1.91761822407175,10.6703712945677,17.4889359978437,4.58742807286e-66,2.77794255523189e-65,139.291005967125,TRUE
"hsa-miR-3194-3p",0.708935765030334,8.17204917883127,17.440745205274,1.0013538251501e-65,5.99711906271216e-65,138.158399783809,TRUE
"hsa-miR-744-5p",0.718109283400381,9.77556997542015,17.3922909199098,2.20045769407496e-65,1.30353200355527e-64,137.426576749201,TRUE
"hsa-miR-4443",0.859024149162989,8.44288901869123,17.3912070150629,2.25226907199938e-65,1.31987811208566e-64,137.294780016204,TRUE
"hsa-miR-1181",-0.670013904651793,8.23580253227639,-17.3453808736768,4.70725719369453e-65,2.72920762825906e-64,136.818485118098,TRUE
"hsa-miR-3646",-0.60948577818337,7.97967075958407,-17.286998950145,1.20982402629788e-64,6.9405694140247e-64,135.91682463307,TRUE
"hsa-miR-3158-5p",0.524312673734908,8.14956801130707,17.1674140529521,8.29367824459514e-64,4.68564823080466e-63,133.785172808877,TRUE
"hsa-miR-3614-5p",-0.652813099627896,7.95982752560704,-17.1670700564428,8.33959409886335e-64,4.68564823080466e-63,134.000995205547,TRUE
"hsa-miR-4741",-0.632029992229688,10.8205517779521,-17.0309854693109,7.35277113963164e-63,4.08904109295841e-62,131.842142745261,TRUE
"hsa-miR-4508",2.64235066438761,11.8952055350424,16.816237561347,2.21926542200372e-61,1.22171682322427e-60,128.746855448526,TRUE
"hsa-miR-4730",-0.979460674186299,9.80789214965585,-16.6571649300517,2.69211819297519e-60,1.46720441517148e-59,125.803423857031,TRUE
"hsa-miR-619-5p",0.905435870804575,7.90981607724577,16.6541031413791,2.82721943819862e-60,1.52557880576064e-59,125.6957045763,TRUE
"hsa-miR-4665-5p",1.1508496953646,9.44918870750503,16.6101888076275,5.63478505649015e-60,3.01074299586973e-59,124.971417970561,TRUE
"hsa-miR-483-3p",-0.427845188666879,8.42694936239591,-16.5964840868731,6.93941245963045e-60,3.67182503931903e-59,124.849204603995,FALSE
"hsa-miR-6769a-3p",0.379461275138219,8.29298078289239,16.4880862243427,3.74223110784392e-59,1.9610730324759e-58,123.093451103918,FALSE
"hsa-miR-211-3p",0.495046779663248,8.77503141254089,16.4807873474068,4.19041517227426e-59,2.17502501798997e-58,122.907636789684,FALSE
"hsa-miR-6089",3.32714795364095,11.4790432831572,16.4678356597495,5.14983178122117e-59,2.64779086864674e-58,123.323285366199,TRUE
"hsa-miR-3622a-3p",-0.523837638456851,8.12929184502308,-16.4663858924929,5.23761352288068e-59,2.66775642053268e-58,122.934852049435,TRUE
"hsa-miR-1343-3p",0.486520265196656,8.52853060438821,16.372609316553,2.22924742480032e-58,1.12494430232979e-57,121.26021708093,FALSE
"hsa-miR-4716-5p",-0.632961194922047,8.07943070050757,-16.3711224323696,2.28090261924346e-58,1.14045130962173e-57,121.517198561145,TRUE
"hsa-miR-718",-0.638271130814266,8.56362814315984,-16.3217694632817,4.8738634229014e-58,2.41477778680115e-57,120.658863884386,TRUE
"hsa-miR-564",-0.584887548723945,8.21731272616323,-16.2609248495857,1.23946539928464e-57,6.0856634469381e-57,119.795090014971,TRUE
"hsa-miR-1185-1-3p",0.665598210615469,9.63459349797137,16.2542289542073,1.37329444361701e-57,6.68254885510061e-57,119.511981816769,TRUE
"hsa-miR-6792-3p",0.531195043848975,8.10901119012328,16.1711038935712,4.88918191107043e-57,2.35805676241892e-56,118.261593869269,TRUE
"hsa-miR-6752-5p",2.08046210319671,8.67641239039829,16.1233092601125,1.01894244794278e-56,4.87125994849839e-56,117.457895432218,TRUE
"hsa-miR-6777-5p",0.631654929171418,8.44465209687798,16.0975113705449,1.4982889773347e-56,7.10058689258619e-56,117.070788429761,TRUE
"hsa-miR-197-5p",0.413957309700068,9.60867177884827,16.0777219585193,2.02217507625275e-56,9.50073634963576e-56,116.825298808055,FALSE
"hsa-miR-5787",2.90274639160676,10.9753254280438,16.061910718757,2.58386272245497e-56,1.20359417413501e-55,117.056147642427,TRUE
"hsa-miR-6090",2.09558437675016,13.0299017028661,16.0458090662663,3.27959149105697e-56,1.51472657849665e-55,116.943125342516,TRUE
"hsa-miR-4534",-0.625116097668769,9.27768727511547,-15.8543236436281,5.86443767448211e-55,2.68581389293508e-54,113.503757628476,TRUE
"hsa-miR-1914-5p",-0.489419264225824,8.1287738019434,-15.8468722027352,6.5568723484828e-55,2.97791285826927e-54,113.538826835574,FALSE
"hsa-miR-4327",0.693849594339499,10.0748029530656,15.8174162205375,1.01884405121185e-54,4.58900832983851e-54,113.037257678782,TRUE
"hsa-miR-4516",-1.56853541007143,13.1566071464557,-15.7926221117551,1.47564984288161e-54,6.59204233090556e-54,113.138632165012,TRUE
"hsa-miR-920",0.428063404771043,8.2532999633346,15.7825471034947,1.71510805215932e-54,7.59946250753519e-54,112.405104074024,FALSE
"hsa-miR-6086",0.473016371565389,8.12471017532743,15.7628860810351,2.29949767235939e-54,1.01066631567409e-53,112.150313082253,FALSE
"hsa-miR-6087",3.15802625203117,9.8133404214586,15.761129356428,2.37511631862658e-54,1.03555071492119e-53,112.414757980666,TRUE
"hsa-miR-6800-3p",0.636795622878599,8.0768984231178,15.7283290723576,3.84695014760336e-54,1.66395859559034e-53,111.62423747984,TRUE
"hsa-miR-4685-5p",0.411384363827805,8.13829534265631,15.6641965885233,9.97076170116036e-54,4.27879143868693e-53,110.687336693856,FALSE
"hsa-miR-7977",0.889192923842559,8.86741011085969,15.6330342209149,1.5887347934265e-53,6.76453486263628e-53,110.09749857553,TRUE
"hsa-miR-1237-5p",3.05669136419531,9.34663115697616,15.6255368461657,1.77809511947186e-53,7.51210728769117e-53,110.310658987341,TRUE
"hsa-miR-4746-3p",-0.494656143948292,8.97639016878205,-15.6114056178397,2.17812367961577e-53,9.13136465685072e-53,109.89814912082,FALSE
"hsa-miR-484",-0.408744117946338,8.40807387760271,-15.5712091121204,3.94277340472016e-53,1.64031412639121e-52,109.361170266668,FALSE
"hsa-miR-3147",-0.578793767840375,8.1592990551156,-15.503003364588,1.07588612419356e-52,4.44210558852646e-52,108.491398073009,TRUE
"hsa-miR-6836-3p",-0.741357896016824,9.364095540018,-15.4933459512385,1.23982273308312e-52,5.08047661300977e-52,108.175035156768,TRUE
"hsa-miR-8072",-1.22845246991995,13.5390604265975,-15.3110290535776,1.77747903907476e-51,7.2292990768339e-51,106.119274021378,TRUE
"hsa-miR-3180",-0.682531795668847,9.99850219202111,-15.3024852623304,2.01234451595366e-51,8.1239093421833e-51,105.461342248339,TRUE
"hsa-miR-4498",0.469721496802766,8.19298030790778,15.2733056846165,3.07311933785346e-51,1.23150738171333e-50,104.957185839589,FALSE
"hsa-miR-3197",-1.00875826898568,10.7652180426605,-15.2683728338281,3.30090886022661e-51,1.3131352765135e-50,105.120678845816,TRUE
"hsa-miR-665",0.440408172238973,9.0830757326427,15.150951645257,1.79981853091913e-50,7.10797898080381e-50,103.116469622014,FALSE
"hsa-miR-6806-5p",-0.47011127039381,8.91617714979287,-15.1367139484494,2.20903100996654e-50,8.66130863619972e-50,103.027375639473,FALSE
"hsa-miR-6789-5p",1.0597945108801,9.84224518316817,15.1294065133142,2.4609690830651e-50,9.58020107336056e-50,102.943223291983,TRUE
"hsa-miR-4290",-0.491738039154933,8.08689597838896,-14.9936988749125,1.71323035554868e-49,6.62206059414206e-49,101.146146438193,FALSE
"hsa-miR-4675",0.545755084607306,9.20001553489988,14.8179306600143,2.07451765130358e-48,7.96205718282008e-48,98.3986445074069,TRUE
"hsa-miR-6842-5p",-0.360384185591361,8.92082779036578,-14.8115461486821,2.27010466288586e-48,8.65179749141812e-48,98.3856237476597,FALSE
"hsa-miR-4723-3p",0.482012901270193,8.07719250790152,14.7180192431989,8.46305697536292e-48,3.20303198025888e-47,97.0972244827114,FALSE
"hsa-miR-3135b",-0.423054361877824,9.389187602827,-14.6562022673466,2.01133214421175e-47,7.55983461100279e-47,96.2038803396006,FALSE
"hsa-miR-6887-5p",0.50516936099126,8.63947954316799,14.5995044478571,4.43679116401673e-47,1.65619944136241e-46,95.3469895062869,TRUE
"hsa-miR-6742-5p",0.482264374530125,8.11792818683235,14.5306604901957,1.15522034740349e-46,4.28295979139391e-46,94.4921674887343,FALSE
"hsa-miR-8063",0.667570036845833,9.36205230117571,14.3519167023883,1.36031442326026e-45,5.00926595051921e-45,91.9658755467238,TRUE
"hsa-miR-3184-5p",-0.560467108020593,9.13588163466153,-14.3442925168113,1.50985500877978e-45,5.52262402540257e-45,91.9389587817099,TRUE
"hsa-miR-711",-0.465659929040042,10.0575417493309,-14.3435408087989,1.52549795898082e-45,5.54264258429697e-45,91.9954088117406,FALSE
"hsa-miR-4417",1.2153934156251,7.9470874923161,14.2591043558183,4.858272178377e-45,1.7534823425268e-44,90.739952334875,TRUE
"hsa-miR-6865-3p",0.367674082200962,8.37595159823944,14.1244517650517,3.01393059091065e-44,1.08065274476731e-43,88.9058715782196,FALSE
"hsa-miR-7108-5p",-0.399476384201487,11.0560495927895,-13.9125220582588,5.19400507765924e-43,1.85015213550607e-42,86.4214212454633,FALSE
"hsa-miR-4787-5p",-0.937024056384399,14.149874327477,-13.9043191404789,5.79455129677199e-43,2.05066912775372e-42,86.70451681913,TRUE
"hsa-miR-636",-0.413273878807674,8.30644985307065,-13.8787396870062,8.14767126755685e-43,2.86482634891515e-42,85.752062898612,FALSE
"hsa-miR-4787-3p",0.492081115976802,8.14347193453093,13.8586746289982,1.06406247821899e-42,3.71739776044456e-42,85.3985306582852,FALSE
"hsa-miR-8073",0.396795117293003,8.68802030927075,13.8419841199416,1.32827544301551e-42,4.61089246142326e-42,85.0985815323475,FALSE
"hsa-miR-4481",-0.446814952985354,8.46520675690378,-13.8382957826428,1.39495269787919e-42,4.81170392622885e-42,85.2134510655101,FALSE
"hsa-miR-4430",0.586044680634539,8.08815990244111,13.8368825773325,1.42137395316959e-42,4.87200505960646e-42,85.1179406640735,TRUE
"hsa-miR-373-5p",-0.377954792442738,8.58805215731948,-13.833317346043,1.49026322130246e-42,5.07620909756152e-42,85.1021114651709,FALSE
"hsa-miR-4488",2.2229873798851,10.9871171171434,13.8272637121657,1.61951362002642e-42,5.48220449015154e-42,85.4360222822827,TRUE
"hsa-miR-4695-5p",0.571517238136558,9.3920541864075,13.6831858074886,1.0826547267762e-41,3.64226435859894e-41,83.0337537284689,TRUE
"hsa-miR-4743-5p",0.303047567938506,8.31724747461409,13.6529713674859,1.609873228794e-41,5.38270496744006e-41,82.6811538543593,FALSE
"hsa-miR-6889-5p",0.858639130934799,8.54587997249973,13.6448263008199,1.79656269206707e-41,5.9702845559546e-41,82.490249776989,TRUE
"hsa-miR-483-5p",-0.457998662099381,8.34690206190436,-13.6255963039741,2.30465077757843e-41,7.61233135624389e-41,82.4538911539053,FALSE
"hsa-miR-6850-5p",-0.859909888042893,12.0418195631726,-13.484442120277,1.45060583695419e-40,4.76253121168693e-40,81.0181211051847,TRUE
"hsa-miR-6784-5p",2.26504431586993,9.86154485130274,13.4107644934361,3.77589366301473e-40,1.23225272236109e-39,79.7889926792154,TRUE
"hsa-miR-4673",-0.631986557609736,7.90348692833822,-13.3988625713155,4.38812171537058e-40,1.42352758028391e-39,79.6688490299027,TRUE
"hsa-miR-4446-3p",-0.332813438595604,9.6636848739683,-13.3132631894771,1.3193239768491e-39,4.25462465906958e-39,78.3197101611479,FALSE
"hsa-miR-6749-5p",0.841223198762808,10.4092150745404,13.0487849211261,3.80124588606331e-38,1.21863471053206e-37,75.1805427062759,TRUE
"hsa-miR-7106-5p",0.439334290466412,8.31624354566228,13.0331804475594,4.62607373498355e-38,1.47439192138365e-37,74.7600467975468,FALSE
"hsa-miR-642b-3p",0.52932287528578,10.4342454815534,12.8070864442723,7.77190855085946e-37,2.46261055826651e-36,72.1782765093158,TRUE
"hsa-miR-204-3p",1.78191089551066,10.9151206820935,12.7588201468239,1.41397122645794e-36,4.45441802554671e-36,71.7867349585358,TRUE
"hsa-miR-198",-0.36942994013117,8.1583186941387,-12.7570455837429,1.44240682715375e-36,4.51788345286663e-36,71.4881536027692,FALSE
"hsa-miR-4706",0.439037508490591,9.4968509693048,12.6908063862481,3.25918460445494e-36,1.0150032053874e-35,70.5103203573582,FALSE
"hsa-miR-4649-5p",0.692187699157886,11.3859909682199,12.6118112131676,8.57254672377919e-36,2.65456702526117e-35,70.0517202457952,TRUE
"hsa-miR-1203",-0.369196102626615,8.68583492658256,-12.5164699935985,2.73422141437491e-35,8.41893034369677e-35,68.4653993229886,FALSE
"hsa-miR-6165",0.31259711561788,8.41518526398702,12.5029312702749,3.22167003801916e-35,9.86410208269912e-35,68.2386301040746,FALSE
"hsa-miR-1281",0.430387507630557,8.13356724577708,12.4744553103549,4.54679880303609e-35,1.38436052941602e-34,67.9437505513111,FALSE
"hsa-miR-128-1-5p",-0.429973243277884,8.95295679171136,-12.4521871431474,5.94969904223689e-35,1.80143665445506e-34,67.6768842950668,FALSE
"hsa-miR-6777-3p",0.290050039379427,8.42986074336578,12.4370178018322,7.14404373272789e-35,2.15110709079376e-34,67.4498501537044,FALSE
"hsa-miR-3188",0.292267064542255,9.12665213997981,12.4066690887091,1.02950695404783e-34,3.08286423052784e-34,67.0361701764935,FALSE
"hsa-miR-1229-3p",0.361909554920725,8.20568461435798,12.3382104371172,2.34034430630968e-34,6.96987785212446e-34,66.3166497547061,FALSE
"hsa-miR-4632-5p",0.500847963619968,10.0948566532618,12.3322579468458,2.51307418929296e-34,7.44361648459057e-34,66.3333370223845,TRUE
"hsa-miR-6787-5p",0.499962325337425,9.81977655680029,12.2785646279892,4.77030952003396e-34,1.40530739914514e-33,65.6248432319658,FALSE
"hsa-miR-24-3p",-0.409135359836237,8.2572376687825,-12.2297231996174,8.52649983999509e-34,2.49835613591254e-33,65.1367056733405,FALSE
"hsa-miR-6795-5p",0.364120183257853,8.50012310586368,12.1634425203784,1.86888122386387e-33,5.44673939575298e-33,64.1870288990488,FALSE
"hsa-miR-6756-3p",0.424031540885641,8.1308643165943,12.1468103233455,2.27424429003102e-33,6.59288903227078e-33,64.05671384158,FALSE
"hsa-miR-7641",0.477617102782677,8.5156272897006,12.1372144835691,2.54688081884465e-33,7.34418013899647e-33,63.869238863106,FALSE
"hsa-miR-1236-3p",0.307205586307385,8.31990039511572,12.0812112098535,4.92097250037711e-33,1.41154211195028e-32,63.2622917352927,FALSE
"hsa-miR-4749-3p",0.44423080088387,8.11405591205058,11.9630678728526,1.95689777699236e-32,5.58381826419286e-32,61.9272238122987,FALSE
"hsa-miR-874-3p",0.338401818748816,8.28213073107091,11.9047630664112,3.84983764057794e-32,1.09279245526822e-31,61.2278291723611,FALSE
"hsa-miR-7113-3p",0.468350600849728,8.14404290999332,11.9027199650897,3.94199772733379e-32,1.11315479865125e-31,61.2387087346678,FALSE
"hsa-miR-3622a-5p",-0.305878090791571,8.63664540202693,-11.8129575293704,1.11044542347123e-31,3.1195502875867e-31,60.2133413078418,FALSE
"hsa-miR-6132",0.645504085200432,9.65294946358759,11.7734792816441,1.7479086343387e-31,4.8851805421261e-31,59.729084483695,TRUE
"hsa-miR-6743-5p",1.03816216898625,9.4409007569466,11.7262643249709,3.00390634920019e-31,8.35269877711278e-31,59.1708013288742,TRUE
"hsa-miR-6771-5p",-0.459387750248617,10.3990218954575,-11.7199271224816,3.22366364664969e-31,8.91825729656893e-31,59.287693941294,FALSE
"hsa-miR-940",0.337578321564777,8.7093058253552,11.7114758460218,3.55001692748838e-31,9.77151123980387e-31,58.9494225863297,FALSE
"hsa-miR-1227-5p",-0.47502936252314,11.2012759342924,-11.6292706779324,9.0396452549399e-31,2.47332585038927e-30,58.461386336229,FALSE
"hsa-miR-4472",0.486257520844272,8.03500899519369,11.6289123873456,9.07642513904321e-31,2.47332585038927e-30,58.1445414012312,FALSE
"hsa-miR-6729-5p",-0.961381982475032,12.9679416213023,-11.6126919564446,1.090677860247e-30,2.95731061609261e-30,58.6066533361307,TRUE
"hsa-miR-3610",-0.327216604476323,8.29321672178909,-11.5984418256248,1.28145229585083e-30,3.45738366949852e-30,57.8679544066606,FALSE
"hsa-miR-6857-5p",0.67459493279887,7.63114472138888,11.5453340999808,2.33294665128994e-30,6.26332967957152e-30,57.2831952838614,TRUE
"hsa-miR-4436b-5p",-0.396818818502604,8.26965425064088,-11.4818480441632,4.75895735909133e-30,1.27138811799254e-29,56.5922599199669,FALSE
"hsa-miR-3937",-0.452749548182707,9.81341809154229,-11.4803822908535,4.83772716321312e-30,1.28612746534203e-29,56.4758172640997,FALSE
"hsa-miR-6766-5p",0.258852701279201,8.58931804841734,11.416225707266,9.90563606686609e-30,2.62066585264176e-29,55.6740702571266,FALSE
"hsa-miR-92a-3p",-0.430780288070934,8.25307694555992,-11.3382513735211,2.35499670106267e-29,6.20035363323264e-29,54.9772320636006,FALSE
"hsa-miR-6877-5p",0.432688370671865,8.87422961287736,11.2780763401411,4.57737632293679e-29,1.19936062307719e-28,54.1167038616559,FALSE
"hsa-miR-6824-5p",-0.370652018499788,9.03094987336283,-11.2702994517797,4.98671494513046e-29,1.30036346655316e-28,54.1117478878385,FALSE
"hsa-miR-1237-3p",0.302248961458478,8.45991805625687,11.23715370769,7.17942038292384e-29,1.86323052794928e-28,53.7199721735665,FALSE
"hsa-miR-3663-3p",0.77971727826866,12.4699943527239,11.2255726067429,8.15246560779191e-29,2.10573163803156e-28,54.3359074357009,TRUE
"hsa-miR-4515",0.346013311158384,8.18998584895878,11.1534998739888,1.7932069514039e-28,4.60989522884495e-28,52.8712092461495,FALSE
"hsa-miR-7108-3p",0.381428340754075,8.23787321878494,11.1230602299334,2.49807025833731e-28,6.3917760131166e-28,52.5193345062708,FALSE
"hsa-miR-4758-3p",0.258100356129454,8.54752607804865,11.0475755452477,5.6632221961407e-28,1.44226920415733e-27,51.6589490839804,FALSE
"hsa-miR-6805-5p",-0.829352158315066,11.1758364730542,-11.0061825263923,8.85183322620762e-28,2.2438367945503e-27,51.6128010402536,TRUE
"hsa-miR-548q",0.377624325033665,8.12541677798391,11.0054780791691,8.91925258547452e-28,2.25045956439056e-27,51.2979493367743,FALSE
"hsa-miR-6785-5p",-0.431035398452002,10.1020540988741,-10.8528834295489,4.56588923890296e-27,1.14673255078439e-26,49.7380466590381,FALSE
"hsa-miR-423-5p",0.407047524788089,8.97908350614807,10.8212062986707,6.39142030531616e-27,1.59785507632904e-26,49.2160774795718,FALSE
"hsa-miR-3679-3p",0.297991563204686,8.73406733488257,10.793014271961,8.61520615905586e-27,2.14396682953673e-26,48.9397467467201,FALSE
"hsa-miR-4258",0.663486795842616,8.90392929318218,10.7526533736214,1.32075648419837e-26,3.27187401767324e-26,48.4806018173529,TRUE
"hsa-miR-675-3p",-0.320956665683287,8.25641911769782,-10.6448835947639,4.08724462914188e-26,1.00794041759381e-25,47.5889259652419,FALSE
"hsa-miR-3917",0.302854516914982,8.47559613483759,10.570949666385,8.82404269638387e-26,2.16626273402217e-25,46.6620990882251,FALSE
"hsa-miR-2276-3p",-0.325818723267864,8.08011362737276,-10.5498372772771,1.09828317482069e-25,2.68414497882186e-25,46.6537463333184,FALSE
"hsa-miR-4492",-0.648397695948796,10.7171426956389,-10.5274880701522,1.38400224052628e-25,3.36732687985188e-25,46.5026387344666,TRUE
"hsa-miR-4449",-0.324730827119208,8.95026352195565,-10.4690579567725,2.52782916757318e-25,6.12296398367727e-25,45.6486481896497,FALSE
"hsa-miR-4638-5p",0.422284805249492,8.06534714809589,10.4679903970471,2.55572987437221e-25,6.16315390058785e-25,45.7049905852242,FALSE
"hsa-miR-7704",1.67876919183503,11.2305745924693,10.438312870205,3.4694017782238e-25,8.32962100939195e-25,45.8999868247028,TRUE
"hsa-miR-3122",-0.262117929230278,8.34689259890728,-10.3762883037494,6.53622354765393e-25,1.5623867690664e-24,44.8058832101936,FALSE
"hsa-miR-4725-3p",0.742279078039696,9.69629160174952,10.3327398042477,1.01906839333103e-24,2.42529377452146e-24,44.2927182691489,TRUE
"hsa-miR-1207-5p",0.397518288559052,8.98318481093421,10.3293698533055,1.05363210841362e-24,2.49664999602357e-24,44.1671649155623,FALSE
"hsa-miR-1470",0.342215144636326,8.23054613002773,10.2785360493398,1.76347159681484e-24,4.16057151629475e-24,43.7488576134384,FALSE
"hsa-miR-2861",1.31778228105569,10.9374071850307,10.2696957836005,1.92969761500489e-24,4.53312586283477e-24,44.0952284244972,TRUE
"hsa-miR-328-3p",0.220292021369406,8.52810145238039,10.2470178083169,2.42403849161779e-24,5.6699612786768e-24,43.3746446994724,FALSE
"hsa-miR-7160-5p",0.307184806511416,8.10345741528187,10.2427097378768,2.53159792912589e-24,5.89624304005817e-24,43.4268557658773,FALSE
"hsa-miR-6761-3p",0.241514154973117,8.28334665741945,10.2362411131042,2.70204284444998e-24,6.26643978819251e-24,43.3206591554494,FALSE
"hsa-miR-370-3p",0.20416611291294,8.69486666678243,10.2355683138612,2.72041078434596e-24,6.2823045655447e-24,43.2412197877524,FALSE
"hsa-miR-572",-0.320390877645372,8.05624342006396,-10.2324351337903,2.80759205495806e-24,6.45627708840566e-24,43.4447523897279,FALSE
"hsa-miR-6851-5p",-0.252632341773122,8.85897049036553,-10.2192537558638,3.20571928701812e-24,7.34082777909611e-24,43.1329367701474,FALSE
"hsa-miR-4750-5p",0.303811398358443,8.59614342981165,10.1934149276867,4.1554567200385e-24,9.47583226954385e-24,42.8392532966607,FALSE
"hsa-miR-3621",1.03698527006397,10.6008680254312,10.117866410951,8.84816427295963e-24,2.00927063698458e-23,42.4556477663963,TRUE
"hsa-miR-6790-3p",0.359476501464268,8.07607933078314,10.0379474098553,1.95461526268665e-23,4.4201880421752e-23,41.3978273423314,FALSE
"hsa-miR-4483",-0.391965402169896,8.05688141853271,-10.0149467130584,2.45317184072377e-23,5.52470517848947e-23,41.3327348866597,FALSE
"hsa-miR-4429",0.295771696329108,8.66523838068083,9.97540067681794,3.62139769383477e-23,8.12206478658416e-23,40.6793625085358,FALSE
"hsa-miR-6895-5p",0.373435370115372,8.2181026780535,9.9667634405437,3.94218307667436e-23,8.80528597044069e-23,40.6667062381168,FALSE
"hsa-miR-550a-5p",-0.297757418843679,8.67571298724284,-9.85645090492931,1.15848467692243e-22,2.57703734254174e-22,39.6425701510697,FALSE
"hsa-miR-4459",0.649214908722486,9.82954985308803,9.85114155553175,1.22039320471089e-22,2.70371665271315e-22,39.5950499723592,TRUE
"hsa-miR-1247-3p",0.227324171022696,8.88169113000734,9.78502496712698,2.31429939766372e-22,5.10645008796245e-22,38.8353801959512,FALSE
"hsa-miR-3162-5p",-0.213130328045555,9.54895420862103,-9.75823907211044,2.99637901618636e-22,6.58478453153857e-22,38.6440783636678,FALSE
"hsa-miR-6894-3p",0.349633391182254,8.1614128411622,9.73575877177209,3.71981061523995e-22,8.14175415785451e-22,38.4635311882891,FALSE
"hsa-miR-5010-5p",-0.488970482711307,8.04762623757367,-9.71466189432317,4.55492107122845e-22,9.92972793527802e-22,38.4760033872301,FALSE
"hsa-miR-3675-3p",0.225649588757543,8.35703530594624,9.69662767860623,5.41415030866774e-22,1.17558243753941e-21,38.059430043478,FALSE
"hsa-miR-671-5p",-0.288259103097305,8.9536916564053,-9.66306247474933,7.46216998084191e-22,1.61384231728525e-21,37.749342166068,FALSE
"hsa-miR-8064",0.247125667479283,8.15781670416727,9.66156485166541,7.56957513961023e-22,1.63060017829548e-21,37.7818930319768,FALSE
"hsa-miR-6515-5p",0.288088137203573,8.17800518871976,9.62514771104088,1.07081073649053e-21,2.29760571412338e-21,37.4235185379377,FALSE
"hsa-miR-6776-5p",0.30668981748028,8.05341533707531,9.56026030460993,1.98063627278515e-21,4.2331245830114e-21,36.8680871456651,FALSE
"hsa-miR-92b-5p",0.75606872872822,8.71779398771087,9.51451284278035,3.05103013049827e-21,6.49535711375609e-21,36.2589337368015,TRUE
"hsa-miR-3154",0.260849748777826,8.7454952655914,9.49365266426742,3.70869030989885e-21,7.86473236924075e-21,36.0980942068607,FALSE
"hsa-miR-3175",0.266845601166448,8.28067956571739,9.39955164772451,8.93395757818734e-21,1.8872119690357e-20,35.3049281060898,FALSE
"hsa-miR-6730-3p",-0.320882566937866,8.14714829069914,-9.3500963071055,1.41347010800519e-20,2.97429038170977e-20,34.9907937987253,FALSE
"hsa-miR-6796-3p",0.328183083532325,8.19180405245991,9.31647612846273,1.92828816885853e-20,4.04198866164577e-20,34.5518497315965,FALSE
"hsa-miR-6820-5p",-0.331495969481674,9.2944808526498,-9.1766369442716,6.93951912289866e-20,1.44905667508803e-19,33.2615976608099,FALSE
"hsa-miR-6774-5p",-0.204489533559801,9.0985249646473,-9.15291353154042,8.60792935011079e-20,1.79058072359175e-19,33.0264243012157,FALSE
"hsa-miR-4463",0.910299456344655,9.82696699216927,9.04104689147536,2.36228108151167e-19,4.8952212525622e-19,32.1389043282877,TRUE
"hsa-miR-939-3p",0.295365246052374,8.08005124390015,8.9430514075337,5.65905663160397e-19,1.16825222129703e-18,31.2478680955851,FALSE
"hsa-miR-7111-5p",0.426301555925999,9.04213957662292,8.91837124280897,7.0444136198413e-19,1.44875676332585e-18,30.8978639042616,FALSE
"hsa-miR-7851-3p",0.349485990458161,8.19014311274779,8.83998740308265,1.40565038385651e-18,2.87999796692404e-18,30.3259071741652,FALSE
"hsa-miR-4722-3p",-0.280184868886874,8.27743282984332,-8.77960353713405,2.38443170113179e-18,4.86709841616788e-18,29.893928470539,FALSE
"hsa-miR-8089",-0.266504983303015,9.03102171415673,-8.76616053984508,2.68088591733701e-18,5.45180158562936e-18,29.6419858072925,FALSE
"hsa-miR-5698",-0.30868929107675,8.7709390642278,-8.74659513237468,3.17848162411944e-18,6.4396746659669e-18,29.5181940316167,FALSE
"hsa-miR-4323",-0.265000781979879,8.18280218629834,-8.70682017548848,4.4880625607638e-18,9.05923739117138e-18,29.2863058936625,FALSE
"hsa-miR-6848-5p",0.605017812804665,8.02905067231497,8.6526931609696,7.1634982581627e-18,1.44062972350505e-17,28.7425900799699,TRUE
"hsa-miR-6840-3p",-0.278723179148189,10.21700109678,-8.63690407985167,8.20146742266921e-18,1.64330872990982e-17,28.6815444092547,FALSE
"hsa-miR-6845-5p",-0.346352070731621,10.8553078225074,-8.54678042287606,1.77205452927634e-17,3.5376180163209e-17,28.0908733216024,FALSE
"hsa-miR-6768-5p",0.681027306601697,9.46975758807466,8.53100226253742,2.02731807468401e-17,4.03243923614155e-17,27.6275001060455,TRUE
"hsa-miR-3151-5p",0.311136886256755,8.04106922073212,8.45179780354809,3.9585375474475e-17,7.84510168494141e-17,27.0741561167815,FALSE
"hsa-miR-6799-5p",-0.394714853969926,9.93836441943856,-8.37920550946064,7.27509924799192e-17,1.43656851092594e-16,26.4707985136097,FALSE
"hsa-miR-1249-5p",-1.08573015579017,7.73888481830484,-8.36856970787056,7.95361466546611e-17,1.56488086378304e-16,26.6473805936,TRUE
"hsa-miR-7847-3p",0.30845428148459,8.72041960685817,8.32025970751483,1.18817823793973e-16,2.3293422290545e-16,25.8488279083409,FALSE
"hsa-miR-2392",-0.206362789428727,8.73785841353378,-8.27134829027058,1.78067784612308e-16,3.47838503991785e-16,25.52664974867,FALSE
"hsa-miR-4726-5p",0.209614618384469,8.96483587020539,8.15495242338591,4.62166066544116e-16,8.99573236666226e-16,24.5036703257245,FALSE
"hsa-miR-4525",-0.333352194600357,9.69265710581615,-8.07650071378682,8.72707004211115e-16,1.6926167875269e-15,23.9647443270098,FALSE
"hsa-miR-6766-3p",0.255697755094614,8.32427591637332,8.02203845535065,1.35221419922684e-15,2.61332176800932e-15,23.5190595674809,FALSE
"hsa-miR-6835-5p",0.201346609635424,8.2748112687576,7.87288317745576,4.42271272904441e-15,8.51723829444948e-15,22.3767967653212,FALSE
"hsa-miR-615-5p",-0.236458713077253,8.53872381888139,-7.82042544619998,6.67621055498984e-15,1.28117420861601e-14,22.0011755861533,FALSE
"hsa-miR-4270",-0.253078280394694,9.96014087876505,-7.80203144174556,7.70856628978221e-15,1.47409425541449e-14,21.8749807027272,FALSE
"hsa-miR-937-5p",-0.247626324315879,9.61392114457199,-7.7763855898738,9.41466678785202e-15,1.79405363614663e-14,21.6151193087546,FALSE
"hsa-miR-6732-5p",-0.314438104698064,9.84496109233238,-7.67001606061108,2.14328679346024e-14,4.07000453810394e-14,20.8534567350248,FALSE
"hsa-miR-1260b",0.517996149450541,8.37420596138448,7.55723292463976,5.06961754225542e-14,9.59354708517085e-14,19.9272775745917,TRUE
"hsa-miR-1288-3p",-0.221743967051044,8.21810611802914,-7.53935836125517,5.80234217459979e-14,1.09421331666328e-13,19.9462090736977,FALSE
"hsa-miR-6869-5p",0.883760855458618,12.6299116241179,7.39297820829935,1.7372980246054e-13,3.25382264813234e-13,19.5513609369705,TRUE
"hsa-miR-6722-3p",-0.274642047676627,10.1103766652325,-7.39297323305794,1.7373621845991e-13,3.25382264813234e-13,18.8467099679214,FALSE
"hsa-miR-4728-3p",0.20329055188164,8.22529353960842,7.37946180362892,1.92047870888957e-13,3.58445512446855e-13,18.6877323707236,FALSE
"hsa-miR-3679-5p",-0.202900577269519,9.81303703610044,-7.35565240864134,2.29042158360636e-13,4.26034048827803e-13,18.509154134238,FALSE
"hsa-miR-6726-3p",-0.301811933373761,7.98922228026174,-7.35152860623583,2.36125397371826e-13,4.37715447508996e-13,18.639560957164,FALSE
"hsa-miR-3194-5p",0.259001091839524,8.05636555798155,7.33930016338573,2.5841932366379e-13,4.77418750497511e-13,18.4306488736354,FALSE
"hsa-miR-5193",-0.291351967951092,7.93601716429125,-7.33754364511125,2.61787059044301e-13,4.82006578307919e-13,18.5588789871824,FALSE
"hsa-miR-504-3p",-0.268265470903351,8.44948433835148,-7.32791153838416,2.81035519948796e-13,5.1570491034375e-13,18.3566412373453,FALSE
"hsa-miR-6075",-0.175312171738261,10.0441947223744,-7.240778065421,5.31829360137871e-13,9.72640943876309e-13,17.7307428936154,FALSE
"hsa-miR-6731-5p",-0.264730717086133,8.11063875297542,-7.16922256113161,8.93161973171986e-13,1.62800426548071e-12,17.3089815815008,FALSE
"hsa-miR-3928-3p",-0.203124529296028,8.69102545953708,-7.16164246079749,9.43319624103254e-13,1.71369731712091e-12,17.1127096523119,FALSE
"hsa-miR-4442",0.41326798549097,9.88106561590395,7.14506176295256,1.06289387656508e-12,1.92450884627233e-12,17.0254143621014,FALSE
"hsa-miR-4745-5p",-0.715358941881588,11.6478744218125,-7.1278979258835,1.20230620967404e-12,2.16972478235877e-12,17.3397613509074,TRUE
"hsa-miR-6721-5p",0.340683036212845,8.89371048966972,7.02631983581638,2.47941240681946e-12,4.45966918058286e-12,16.0583498297716,FALSE
"hsa-miR-6797-5p",0.258473085128315,8.23559456577513,6.99037509839883,3.19525631678062e-12,5.72833780475472e-12,15.9067437212832,FALSE
"hsa-miR-6892-5p",0.194605464653934,8.12661009356287,6.97844461591477,3.47509041180301e-12,6.20958778502506e-12,15.8674465617947,FALSE
"hsa-miR-4651",-0.350292915091819,11.7800485266788,-6.82866142317204,9.85685333731091e-12,1.75555067608969e-11,15.3340307963596,FALSE
"hsa-miR-6861-5p",0.20728033720405,9.33639421220685,6.78986255903978,1.28682009830672e-11,2.28442004422529e-11,14.4650992248865,FALSE
"hsa-miR-5572",-0.409755951620849,8.28317505292238,-6.72696479401948,1.97673842609938e-11,3.49780013709144e-11,14.2649179585714,FALSE
"hsa-miR-663a",-0.57429897455475,10.779939145036,-6.72225422646458,2.04084752834299e-11,3.59955308397064e-11,14.3436534095345,TRUE
"hsa-miR-6886-3p",0.250678274200236,8.05633018000034,6.67954435374377,2.72480652517005e-11,4.79038566521831e-11,13.8641166788936,FALSE
"hsa-miR-346",-0.218654612337054,8.04594922166945,-6.63196082291926,3.75253980516037e-11,6.57599419232284e-11,13.6408661983335,FALSE
"hsa-miR-7114-5p",-0.24594342724563,9.30419045790933,-6.5392086280623,6.9594152818406e-11,1.215667092501e-10,12.8483848965404,FALSE
"hsa-miR-4721",-0.205714762943856,8.32948912756683,-6.48649644931364,9.85015199511e-11,1.71512231224759e-10,12.6327705232344,FALSE
"hsa-miR-6858-5p",0.213592003195496,10.0469322346487,6.48112341785882,1.0203686647115e-10,1.77102204543875e-10,12.5869307009393,FALSE
"hsa-miR-6754-3p",0.181122656478701,8.1791683543766,6.43188084254481,1.40784330725148e-10,2.43579238873669e-10,12.2255979994319,FALSE
"hsa-miR-557",0.300790773750524,8.35126054159914,6.42477233475899,1.47461102831126e-10,2.54323737477733e-10,12.1494666189295,FALSE
"hsa-miR-6763-3p",0.181623044073275,8.16248321828763,6.36314607322519,2.19795699580387e-10,3.77882196439466e-10,11.8038519967788,FALSE
"hsa-miR-4646-5p",0.207801608876638,8.08114489163437,6.33919084703663,2.56441137617409e-10,4.39498176105308e-10,11.6800037332557,FALSE
"hsa-miR-6803-3p",-0.240308961652087,8.07886243578704,-6.33110596266148,2.70107224401173e-10,4.61468455481628e-10,11.7223589953175,FALSE
"hsa-miR-4634",-0.282826696950833,9.96304084030653,-6.33040592385172,2.7132344408388e-10,4.62097740705357e-10,11.6092748591695,FALSE
"hsa-miR-4497",0.618208992256932,12.4478417000986,6.28557783915367,3.61418208905257e-10,6.1362281574257e-10,12.0290797307443,TRUE
"hsa-miR-4736",0.247172632170374,8.30519331332851,6.28057699044434,3.73121241228174e-10,6.31525082202966e-10,11.243234552773,FALSE
"hsa-miR-6831-5p",-0.248287211639366,8.00856177131259,-6.10999485253462,1.09085815033786e-09,1.84061204933168e-09,10.3732320055172,FALSE
"hsa-miR-3173-3p",-0.178319391148632,8.0984004577516,-6.10309976356576,1.13854175608196e-09,1.91513968229837e-09,10.2871392205105,FALSE
"hsa-miR-1587",0.174726672168077,8.25136831099104,6.09275139856993,1.21394400508149e-09,2.03569071621357e-09,10.1198061421686,FALSE
"hsa-miR-6801-3p",0.163083673685144,8.25393846985444,6.08845916411008,1.24662845500922e-09,2.0840874477915e-09,10.0899693001319,FALSE
"hsa-miR-1275",-0.451772831139245,8.09904222974182,-6.03164930530946,1.76922771629749e-09,2.94871286049581e-09,9.91922814450694,FALSE
"hsa-miR-422a",0.143141097971357,8.99774353098223,5.9871185583784,2.32249222922056e-09,3.85901910038173e-09,9.36732097034795,FALSE
"hsa-miR-1228-3p",-0.22592738107298,8.4227325013956,-5.96101182179738,2.72194962647349e-09,4.50900470038922e-09,9.39427807597782,FALSE
"hsa-miR-1249-3p",-0.683975131528113,7.12048202555173,-5.91075016270252,3.68796931400078e-09,6.09073720039523e-09,9.38796820062778,TRUE
"hsa-miR-6769b-5p",-0.23194329379673,8.64237927712051,-5.88934486044323,4.19418245280274e-09,6.9058291141314e-09,8.90860253483347,FALSE
"hsa-miR-6885-3p",0.150500913970571,8.21546366443297,5.88143033554701,4.3979824702209e-09,7.21957965744094e-09,8.87025467979413,FALSE
"hsa-miR-6829-5p",-0.207002496382811,8.54487849560053,-5.87439287807427,4.58727155680289e-09,7.50769669206478e-09,8.82545624355357,FALSE
"hsa-miR-8059",0.293202648563142,10.1293059556436,5.84256013549589,5.54728645751139e-09,9.05170993815481e-09,8.72107153710078,FALSE
"hsa-miR-4279",-0.15817207194557,8.40555283434882,-5.75805441607643,9.14395081607281e-09,1.48759796858498e-08,8.17326873746116,FALSE
"hsa-miR-4685-3p",-0.187830927572936,8.19940568575787,-5.72052973100865,1.13912649653552e-08,1.84769029944006e-08,8.02117712750522,FALSE
"hsa-miR-762",-0.616302595353348,12.7139861336259,-5.70193361407865,1.26955937045457e-08,2.05314497595769e-08,8.56070328848403,TRUE
"hsa-miR-574-3p",0.173512801276127,8.14649141530515,5.66770326218243,1.54861496408972e-08,2.49702708706775e-08,7.65502270180219,FALSE
"hsa-miR-4722-5p",-0.163761434788686,8.7008654946141,-5.6449211809317,1.76647048528199e-08,2.83990092766573e-08,7.46425183382469,FALSE
"hsa-miR-4687-3p",-0.281241194214841,10.6522153117399,-5.62933545709176,1.93236647331765e-08,3.09746978811211e-08,7.63344219512617,FALSE
"hsa-miR-629-3p",0.201729913366734,8.04622287614324,5.56906359476447,2.72834329354383e-08,4.36054866563456e-08,7.14485728952218,FALSE
"hsa-miR-5096",0.16649693892319,8.18431451398909,5.54740824014425,3.08573700214376e-08,4.91732943324078e-08,6.98929336818035,FALSE
"hsa-miR-4433a-3p",-0.71484231658815,7.23123946767401,-5.51346212061159,3.73913729410919e-08,5.94119482591694e-08,7.13257205259865,TRUE
"hsa-miR-1199-5p",0.197826350871454,8.074814071691,5.51161741081761,3.77824941210145e-08,5.98588933021886e-08,6.84617894731331,FALSE
"hsa-miR-5001-5p",0.12645760024412,9.95215436106426,5.50913313555952,3.83154948729804e-08,6.05273759587661e-08,6.78648674185075,FALSE
"hsa-miR-6741-5p",0.137990973048163,9.3788076946912,5.47862541452829,4.54860429161894e-08,7.16470907205873e-08,6.50739781419203,FALSE
"hsa-miR-4763-5p",0.155885929467072,8.35062265351085,5.45588290923835,5.1661678436343e-08,8.11401001377722e-08,6.43786879513219,FALSE
"hsa-miR-760",-0.144608196740204,9.69580066719405,-5.41901842053841,6.3436377513537e-08,9.93472004163151e-08,6.24344183004817,FALSE
"hsa-miR-6737-5p",-0.127252428154359,9.12368034813863,-5.33945424934087,9.83745028191381e-08,1.53622074602952e-07,5.75628128383054,FALSE
"hsa-miR-4539",0.141959795623876,8.13580701961338,5.33278880538727,1.02029739944411e-07,1.58874880770582e-07,5.85633071598289,FALSE
"hsa-miR-4505",-0.207153842064221,10.7677012761138,-5.27776797249045,1.37662435208594e-07,2.13749365209925e-07,5.77283933215105,FALSE
"hsa-miR-625-3p",0.165202286697744,8.0478243394847,5.27608461675744,1.38923532129987e-07,2.15094673326258e-07,5.58046445895804,FALSE
"hsa-miR-6792-5p",0.131203471593095,8.59701637883089,5.26791308386292,1.45205838679429e-07,2.2418465178552e-07,5.39480696739225,FALSE
"hsa-miR-6741-3p",0.132487096309948,8.28083610841854,5.25484273627109,1.55829765520526e-07,2.39907407369172e-07,5.39932608012887,FALSE
"hsa-miR-7109-5p",0.179702661152673,9.34051682302824,5.23432808160577,1.74036745818349e-07,2.6711943851791e-07,5.20514870421201,FALSE
"hsa-miR-320a",0.165571216985271,8.23493974368834,5.23384926630727,1.74485358004359e-07,2.6711943851791e-07,5.28775565449379,FALSE
"hsa-miR-6807-5p",-0.149191395029387,8.45929095502035,-5.15027137252367,2.72562131689154e-07,4.16096251458232e-07,4.87303583344109,FALSE
"hsa-miR-7110-5p",0.306588343635688,8.45774232405099,5.11255334013568,3.32633091116254e-07,5.06382778375302e-07,4.61322027594631,FALSE
"hsa-miR-4710",0.22307384144484,8.0923205592779,5.09854293469463,3.58024564993037e-07,5.43519186410043e-07,4.626129691118,FALSE
"hsa-miR-4656",-0.151836369165929,9.47311829763473,-5.08245134512263,3.89524086558026e-07,5.89696186594789e-07,4.46169328568145,FALSE
"hsa-miR-4747-3p",-0.153432092304051,8.24946438647866,-4.9586131312282,7.39259979937284e-07,1.11605731043163e-06,3.96893925092002,FALSE
"hsa-miR-6124",0.143652441681803,9.34544921539042,4.95027431096758,7.71449286264579e-07,1.16143608014971e-06,3.7702299408505,FALSE
"hsa-miR-23a-5p",-0.124835023112288,8.40099176664663,-4.94212234188777,8.04220456803032e-07,1.20743842688058e-06,3.80667284793047,FALSE
"hsa-miR-4731-3p",0.10841852887183,8.40839181589535,4.91611597249396,9.1797693285663e-07,1.37444348463424e-06,3.65865135774205,FALSE
"hsa-miR-5100",0.468364566702954,8.42859156293012,4.90697279768094,9.6160046292571e-07,1.43581438984798e-06,3.5776367372792,FALSE
"hsa-miR-6076",0.232611913342815,9.05813818546796,4.87831345317221,1.1113742533162e-06,1.65491521327139e-06,3.40402653629259,FALSE
"hsa-miR-6813-5p",-0.154528143979958,8.49679695119014,-4.86778641791045,1.17183897976364e-06,1.74019685005773e-06,3.47163307262717,FALSE
"hsa-miR-4689",0.203011295973631,10.2265205172621,4.82010187269887,1.48780623804107e-06,2.20340869492496e-06,3.3254862958927,FALSE
"hsa-miR-4648",-0.181075270758392,8.23172805154612,-4.81360921030541,1.53670563479494e-06,2.26966008391123e-06,3.27621662892484,FALSE
"hsa-miR-296-3p",-0.157544168006913,8.30714914223405,-4.80246901952578,1.62423046863021e-06,2.39244758217152e-06,3.17804190300976,FALSE
"hsa-miR-2110",0.152178159570088,8.26458583265749,4.77784031747186,1.83506491350703e-06,2.69571530420844e-06,3.01814420169956,FALSE
"hsa-miR-4728-5p",0.139366597367433,9.26403824806371,4.72102096278056,2.42650339432775e-06,3.55495792986189e-06,2.6609155543353,FALSE
"hsa-miR-4731-5p",0.133871715665713,8.53849264041607,4.71341257906684,2.51841124897678e-06,3.67971616807599e-06,2.66721085796516,FALSE
"hsa-miR-4298",-0.1661307884201,8.57827577709948,-4.6916128689107,2.80063125798963e-06,4.08113378503837e-06,2.62271105738235,FALSE
"hsa-miR-5195-3p",0.166225756066895,8.57993542840088,4.5817243275362,4.75127016024006e-06,6.90517929954888e-06,2.05010090603264,FALSE
"hsa-miR-4640-5p",0.157552007716877,9.46373929467945,4.57940398484255,4.80400359147153e-06,6.96324988657443e-06,2.02876495216153,FALSE
"hsa-miR-6780b-5p",0.317507177194669,10.2564808293537,4.57858465970069,4.82279857802362e-06,6.97195019899967e-06,2.2122498956522,FALSE
"hsa-miR-4487",-0.151960330584902,8.03680776318629,-4.56558667620208,5.12982660240096e-06,7.39617856695377e-06,2.16750219548139,FALSE
"hsa-miR-30c-1-3p",-0.131212442469895,8.37889841403115,-4.5344199284019,5.94427109540289e-06,8.54783046700415e-06,1.92266692933335,FALSE
"hsa-miR-1915-5p",0.145355834128328,8.08539292380334,4.39550204692863,1.13368088293867e-05,1.62593705579362e-05,1.33521932684835,FALSE
"hsa-miR-6827-5p",-0.150985841911898,7.98604979818499,-4.38388708534242,1.19557139966531e-05,1.71020055857637e-05,1.36905677544637,FALSE
"hsa-miR-1236-5p",-0.149674204768591,8.28067610640012,-4.36884848512667,1.28050837377163e-05,1.82690330812968e-05,1.20967615318354,FALSE
"hsa-miR-1273f",0.127162923242325,8.37045508250257,4.36743476929076,1.28878262515461e-05,1.83390739088581e-05,1.14244941200312,FALSE
"hsa-miR-1225-3p",0.108755304540908,8.69230258706113,4.33297191860922,1.50700931515412e-05,2.13885436655988e-05,0.922679734202482,FALSE
"hsa-miR-4655-5p",-0.132675852777673,9.72430264637276,-4.31748408127568,1.61617450235482e-05,2.28783143839838e-05,0.923377116208627,FALSE
"hsa-miR-4462",-0.14264096402456,8.24825593788161,-4.2801343962425,1.91129560872681e-05,2.69859095014536e-05,0.849285119392674,FALSE
"hsa-miR-197-3p",-0.119331571552959,8.25467839380585,-4.27881287999505,1.92262512364585e-05,2.70757284854518e-05,0.813229557275159,FALSE
"hsa-miR-6749-3p",0.108561612170911,8.37144160252907,4.24312686311024,2.25390716255146e-05,3.16592629791378e-05,0.603920369185134,FALSE
"hsa-miR-6125",-0.322715904454876,12.87016217064,-4.2360126231868,2.32614866511554e-05,3.25900005780968e-05,1.38842332267056,FALSE
"hsa-miR-1231",-0.136604596350175,8.87367201701686,-4.21738832969009,2.52585314709087e-05,3.52971785939621e-05,0.455851635800542,FALSE
"hsa-miR-5006-5p",-0.138452298900618,8.07955833207696,-4.21031690577253,2.60586882275591e-05,3.6322212491099e-05,0.591435186246153,FALSE
"hsa-miR-6127",0.108929493129564,8.13196487147304,4.1747458037782,3.04630883332735e-05,4.23530182184543e-05,0.39496738442962,FALSE
"hsa-miR-6765-5p",-0.259953093808695,11.4169124771223,-4.14744468931504,3.43143554891124e-05,4.75860655001686e-05,0.650306749615011,FALSE
"hsa-miR-6750-3p",0.148125224645081,8.0161040802172,4.11452725685897,3.95738143453923e-05,5.47404284726874e-05,0.160046151816884,FALSE
"hsa-miR-3665",-0.444933008394891,12.9676026022901,-4.07002389493604,4.7910756058474e-05,6.61047140553628e-05,0.715688888222044,FALSE
"hsa-miR-6756-5p",0.14916156191979,9.88953717571978,4.03629496520744,5.53117815219892e-05,7.61235377007175e-05,-0.217052433732807,FALSE
"hsa-miR-6813-3p",-0.144569190092179,8.1605781873394,-4.03542334726851,5.55166961894615e-05,7.62130967840215e-05,-0.148496631934961,FALSE
"hsa-miR-4294",-0.229945214366424,11.2229890046285,-4.02509321137934,5.80007156576217e-05,7.94230905361905e-05,0.100747104192227,FALSE
"hsa-miR-6717-5p",0.155782043027255,8.39122077028251,3.93799348543844,8.35567866038029e-05,0.000114131450373615,-0.656891455209716,FALSE
"hsa-miR-1273e",0.106357502117859,8.30091859423071,3.93252410178954,8.547404618751e-05,0.000116458387930482,-0.636450455161007,FALSE
"hsa-miR-4478",0.108131109180514,8.33752126805492,3.88009516932629,0.00010608643802767,0.000144182316022644,-0.858391541041092,FALSE
"hsa-miR-3620-5p",-0.123161122458628,9.74968972869737,-3.8762140068451,0.000107785638837432,0.000146127296433831,-0.878837462206085,FALSE
"hsa-miR-7845-5p",-0.143071414793376,9.01974749439651,-3.86569332608739,0.000112521791343425,0.000152169668193962,-0.960841925448107,FALSE
"hsa-miR-6791-5p",0.206074538455871,10.303419726475,3.84778548264343,0.000121038018124485,0.000163281484846149,-0.843438759597615,FALSE
"hsa-miR-3151-3p",0.107583655993494,8.30156937691349,3.82177855520412,0.000134494374095409,0.00018098625649876,-1.07204189569851,FALSE
"hsa-miR-371b-5p",-0.137022652182546,8.10118854934602,-3.81589656716684,0.000137727435292281,0.000184880424222397,-0.960885581985508,FALSE
"hsa-miR-7846-3p",-0.0891842065295165,8.72502527379014,-3.74001068170111,0.000186574029446031,0.000249835002575152,-1.42035362644469,FALSE
"hsa-miR-6779-5p",0.10194104053466,9.29691518143263,3.68075717591101,0.000235590138899894,0.000314697612010888,-1.68552005644213,FALSE
"hsa-miR-6732-3p",-0.141503667275591,8.02758829654034,-3.62102397032102,0.000297055322359821,0.000395831664269199,-1.69293101921733,FALSE
"hsa-miR-6797-3p",0.106950963792947,8.0806489979787,3.61502235459957,0.000303999490444839,0.00040409688364009,-1.7737889883501,FALSE
"hsa-miR-5739",0.0837909001738879,9.05943863963917,3.57870706019808,0.000349369319745203,0.000463275618640233,-2.06600896565958,FALSE
"hsa-miR-3940-5p",0.355128075331773,11.155351049304,3.56913472648788,0.000362344072690639,0.000479314368000966,-1.59002690563208,FALSE
"hsa-miR-6826-5p",0.10255562462716,8.81846736036728,3.5591073472438,0.000376415147010735,0.000496722167362834,-2.1267810049014,FALSE
"hsa-miR-4723-5p",0.152308438971694,9.79743109200093,3.54765591338697,0.000393110625204682,0.000517500702262202,-2.08476308070163,FALSE
"hsa-miR-1233-3p",-0.101306000282708,8.22232841476931,-3.54623270061499,0.000395233275478202,0.000519041289483422,-2.02368294313358,FALSE
"hsa-miR-6716-5p",-0.120757448407934,8.7216160419721,-3.52861763564536,0.000422407591387331,0.00055339456083196,-2.17564457843595,FALSE
"hsa-miR-6809-3p",0.0981638330479111,8.09828225272521,3.49719015570601,0.000475271102133057,0.000621157675449679,-2.19210282627473,FALSE
"hsa-miR-342-5p",-0.111336728048716,8.10681138542086,-3.4895416492278,0.000489039240810078,0.000637622933592087,-2.19063890444827,FALSE
"hsa-miR-6870-5p",-0.128173058398207,9.25327379719836,-3.48527898730798,0.000496873070582242,0.000646290748132033,-2.36450643689257,FALSE
"hsa-miR-4763-3p",-0.174920850054617,10.0103209145293,-3.47636881959624,0.000513627512577804,0.000666492843702151,-2.28093231747244,FALSE
"hsa-miR-4688",-0.100644127548364,9.14490214520922,-3.42945808789358,0.000610866718733995,0.000790789457743533,-2.56261651578145,FALSE
"hsa-miR-6762-5p",0.0756305295375803,9.66859801295794,3.38956386375218,0.000706774721356855,0.000912777779951388,-2.66006099460672,FALSE
"hsa-miR-6819-5p",-0.123566209556639,9.39838795930848,-3.17834153847615,0.00149242712715222,0.00192286710235924,-3.37419299532663,FALSE
"hsa-miR-6845-3p",-0.103561563817442,8.32825246397911,-3.15208306150772,0.00163301698295183,0.00209904305591686,-3.35633743798444,FALSE
"hsa-miR-4646-3p",0.122750963553981,7.87049281700659,3.14756011476799,0.00165842995143038,0.00212669252595189,-3.28643686970901,FALSE
"hsa-miR-1229-5p",-0.102591561723816,9.6491456728617,-3.14316144992168,0.00168349329349943,0.0021537648942657,-3.45424289933462,FALSE
"hsa-miR-1268b",0.185621935255924,10.8079843914357,3.1142086964768,0.00185735610232702,0.00237063015402394,-3.23779868866881,FALSE
"hsa-miR-6511a-5p",-0.0963166766157038,9.0976192063968,-3.02387148730507,0.00251137164565713,0.00319789146468022,-3.87298106176494,FALSE
"hsa-miR-4450",0.139985640239459,8.14651469720331,3.00113233691394,0.00270628736680747,0.00343805737741275,-3.81524321856774,FALSE
"hsa-miR-3960",-0.284713585269321,15.2570149959303,-2.98800497452093,0.00282501175379749,0.00358053815306891,-2.67451871891787,FALSE
"hsa-miR-6893-3p",0.0754087882991392,8.27260680138995,2.9590568185319,0.00310381071086131,0.00392477224459261,-3.97625654451773,FALSE
"hsa-miR-874-5p",-0.111416794954263,8.06114471870479,-2.94528837874308,0.00324502955226457,0.00409384515274118,-3.90928519716187,FALSE
"hsa-miR-6727-5p",-0.318984941826983,10.4873387468844,-2.9378008322516,0.00332428699481627,0.00418414875790963,-3.87715730390463,FALSE
"hsa-miR-6759-5p",-0.100688870803825,8.063815822577,-2.84956132805008,0.00440020697521943,0.00552560553339767,-4.20422199872555,FALSE
"hsa-miR-6722-5p",0.0780707145261044,8.20283214460295,2.80288933861255,0.00508895156830656,0.00637581288443006,-4.39444825635234,FALSE
"hsa-miR-6794-5p",0.0827925418231779,9.94722723957176,2.7899781983737,0.0052959771774703,0.00661997147183787,-4.44285468110902,FALSE
"hsa-miR-6786-5p",0.252766725514252,12.7205370251941,2.77105138730223,0.00561323014422053,0.00700048152997755,-3.71942552901931,FALSE
"hsa-miR-328-5p",-0.20000006575834,11.788262557688,-2.69522954827668,0.00706326022778885,0.00878875987247699,-4.19108494200982,FALSE
"hsa-miR-765",0.0694770524857766,8.10794499614365,2.68790381593081,0.00721981420081753,0.00896309507846368,-4.68292419602913,FALSE
"hsa-miR-3619-3p",-0.0991491423572519,9.15589195560547,-2.61808046540075,0.00887573065816341,0.0109938027470433,-5.01058072629145,FALSE
"hsa-miR-3195",0.100850912937322,9.59292327339544,2.60752328517637,0.00915367279558472,0.011312362071641,-5.01495685807816,FALSE
"hsa-miR-5088-5p",0.0861214479369412,8.00891524816119,2.58940246754525,0.00964890569596203,0.0118974063445686,-4.91960426750255,FALSE
"hsa-miR-4276",0.0830789057376151,8.17450304169788,2.53345195618152,0.0113321781158107,0.013941392941573,-5.10673654632317,FALSE
"hsa-miR-6862-3p",0.0890146944837671,8.18349376165956,2.52895410463328,0.0114782011062112,0.0140892333398313,-5.11784460893346,FALSE
"hsa-miR-6510-5p",-0.0676407317699859,9.09408512872053,-2.51863567331202,0.0118195189808057,0.0144755906618856,-5.26527135835654,FALSE
"hsa-miR-4707-5p",-0.0944654904525315,9.4427824775839,-2.51390084164069,0.0119791319636899,0.0146381769511457,-5.26824172902124,FALSE
"hsa-miR-6798-3p",0.099021555440352,7.99390096161599,2.49496992366613,0.0126365640607015,0.0154069964498486,-5.16501207717457,FALSE
"hsa-miR-6726-5p",0.170827994862949,9.45201231773251,2.47332708546756,0.0134272039553439,0.016334433383175,-5.37681559938148,FALSE
"hsa-miR-1914-3p",0.0793695717018839,9.23445386793074,2.46090582130591,0.0139003705921456,0.016872387467081,-5.42275878573894,FALSE
"hsa-miR-4448",0.0862754450379484,8.43716039151225,2.42506965550309,0.0153491836895929,0.0185895669129514,-5.45585307982417,FALSE
"hsa-miR-8052",-0.075697993813348,8.17005737785414,-2.29931414815476,0.0215380897806805,0.0260271816640153,-5.63100739700759,FALSE
"hsa-miR-4476",-0.0958585897915167,8.64296595538739,-2.29099516523056,0.0220151558931006,0.0265448229242031,-5.75089860038927,FALSE
"hsa-miR-766-3p",0.0547522349069531,8.35178459012088,2.27658278348689,0.0228634444954462,0.0275067930463978,-5.76851302158382,FALSE
"hsa-miR-668-3p",-0.0651125159555193,8.05207133736559,-2.24161909920172,0.0250402963183964,0.0300593865496168,-5.74248221311661,FALSE
"hsa-miR-139-3p",-0.0772670838279872,8.06806346933219,-2.16258639225783,0.030631739431811,0.0366907648139274,-5.9296203705518,FALSE
"hsa-miR-4738-3p",0.067494988644766,8.05721874378275,2.06816036299724,0.0386887025536607,0.0462397870433006,-6.13317919837613,FALSE
"hsa-miR-3187-3p",-0.0721725378236542,8.24110289748055,-2.05327415862923,0.040110505556667,0.0478341915281915,-6.20470502652699,FALSE
"hsa-miR-6858-3p",-0.0604758229202655,8.2052382495006,-2.04611317935594,0.040810104623511,0.0485622424013395,-6.21398038060842,FALSE
"hsa-miR-4485-5p",-0.222601204090129,7.00448420639238,-2.03399494616065,0.0420175722351618,0.0498901456822727,-5.91676564799961,FALSE
"hsa-miR-638",0.144319288914149,13.5253060470409,1.98713016162901,0.0469756729646169,0.0556559603602526,-5.40765680153715,FALSE
"hsa-miR-6861-3p",-0.0639639384271113,8.23930931271787,-1.98155118059938,0.0475974499310541,0.0562703041484262,-6.3446460081007,FALSE
"hsa-miR-6782-5p",0.0520240256805735,8.74886847076418,1.96225968503506,0.0498010798373308,0.0587480270808339,-6.50368556478019,FALSE
"hsa-miR-6790-5p",-0.048217950232198,8.44528121269988,-1.91758409003776,0.0552344899453288,0.0650168402164237,-6.52105784562155,FALSE
"hsa-miR-6846-5p",-0.0569126880396311,8.46022637367225,-1.90952269322951,0.0562657434115486,0.0660879960329612,-6.52831763638565,FALSE
"hsa-miR-877-3p",0.0510028811198371,8.23939740757944,1.9066185461566,0.0566411638521012,0.0663858802137531,-6.50458875714077,FALSE
"hsa-miR-92a-2-5p",-0.145178764117999,9.0107734184148,-1.88416695412757,0.0596145344402842,0.0697208610943238,-6.64942505390923,FALSE
"hsa-miR-6877-3p",0.0508967076686204,8.35303447526888,1.8418676375498,0.0655680626782221,0.0765194735752271,-6.66446837115819,FALSE
"hsa-miR-4535",0.0643263727076615,8.05251736127288,1.83663386221449,0.0663376898164323,0.0772522242520419,-6.56860120194509,FALSE
"hsa-miR-4435",-0.103467501085076,8.13916787495302,-1.83075491246023,0.0672110913409717,0.0781024408972912,-6.57158345430737,FALSE
"hsa-miR-6825-5p",-0.112816938409688,8.59935953591616,-1.82925154844992,0.0674359941684977,0.0781970570677261,-6.69440144279142,FALSE
"hsa-miR-6511b-5p",0.0551532272181898,8.13788159345006,1.79872612078998,0.0721369300145518,0.0834705453459251,-6.67315924609598,FALSE
"hsa-miR-6515-3p",-0.0480168933844478,8.92306036903457,-1.75183321657455,0.0798786683794607,0.0922327844635722,-6.90166112142799,FALSE
"hsa-miR-6880-5p",-0.0683178243431541,8.83502257490823,-1.74169300295928,0.0816385962297144,0.0940656129919542,-6.89047768949841,FALSE
"hsa-miR-6812-5p",0.0631621856214828,8.18023624758904,1.73455489255838,0.0828962563996243,0.0953132061978802,-6.79909951347109,FALSE
"hsa-miR-3918",-0.0452465786312466,8.40940955771112,-1.69897221513064,0.0894017234270765,0.102576714247909,-6.90836157910116,FALSE
"hsa-miR-6893-5p",0.0670516046112457,9.55831943628736,1.63454166047269,0.102223393186628,0.117041490098135,-7.07256612847678,FALSE
"hsa-miR-345-3p",-0.0526669669299995,8.30555198160496,-1.61270505145204,0.106887025452225,0.122124588829062,-7.02194410907587,FALSE
"hsa-miR-6815-5p",-0.0514843987047708,8.0783505837173,-1.6012112197573,0.109408646255429,0.124702080558036,-6.9796998721961,FALSE
"hsa-miR-873-3p",0.0410721548425634,8.17148076228042,1.6003451434488,0.109600544196879,0.124702080558036,-7.02253654373341,FALSE
"hsa-miR-7112-5p",0.0338864456433345,8.4763720893922,1.54069120939134,0.123470592746688,0.140190568847802,-7.20384565952346,FALSE
"hsa-miR-4513",0.0510928974501734,8.36378417131663,1.53559903332097,0.124715376442819,0.141309522164941,-7.17571895304261,FALSE
"hsa-miR-6879-5p",0.0688381705713201,10.2641436465796,1.52659874023496,0.126939418727521,0.143531085490662,-7.07888692319353,FALSE
"hsa-miR-6781-5p",-0.0913663469696235,10.9248906463832,-1.50592655236649,0.132164526001917,0.149129744660548,-6.92738728439733,FALSE
"hsa-miR-1268a",-0.106220190222574,11.2237109540502,-1.46493471451861,0.143016859679713,0.161041711829429,-6.89757246042306,FALSE
"hsa-miR-1976",-0.0498074375049882,8.15904297734198,-1.45780615246431,0.144972024798591,0.162906708278829,-7.19993972379823,FALSE
"hsa-miR-6822-5p",0.0462341631103307,8.12420346744498,1.40164993656484,0.161096938613025,0.180653974370573,-7.30998107088993,FALSE
"hsa-miR-7111-3p",0.0327206380841911,8.42706338847833,1.38767949404182,0.165311504376682,0.184999527485198,-7.42035562926631,FALSE
"hsa-miR-128-2-5p",-0.0951812198911028,11.2516042352396,-1.35977896978168,0.173976067706533,0.194297042827992,-7.01718112354463,FALSE
"hsa-miR-4697-5p",-0.0523093252801345,9.59204288460375,-1.31051497912739,0.190096479310969,0.211866219272962,-7.54627071986825,FALSE
"hsa-miR-4419a",-0.0380270030120187,8.28266749164347,-1.30281403492514,0.192712813287779,0.214343843350693,-7.47122500331131,FALSE
"hsa-miR-210-5p",-0.0479063470327059,8.19787125780715,-1.29585191689719,0.195100836346365,0.21655795480401,-7.45263154230169,FALSE
"hsa-miR-602",-0.0545744947298958,7.86454257516698,-1.29141150685451,0.196635203984255,0.217817451567925,-7.34269470183648,FALSE
"hsa-miR-6511b-3p",-0.0443240936170728,8.13507751294375,-1.25366268893517,0.210037470520507,0.23219152420624,-7.49005810392767,FALSE
"hsa-miR-4674",0.0914542776245817,9.80513555543276,1.2348490135496,0.216958896996828,0.239357487577472,-7.60142531264526,FALSE
"hsa-miR-7155-5p",0.0284326980993672,8.56326530140563,1.22109700361531,0.22212084006986,0.244557288561765,-7.6564293811305,FALSE
"hsa-miR-4792",-0.0356687641877098,8.57566785796844,-1.18678384321087,0.235382958090205,0.258636516449923,-7.69306128090118,FALSE
"hsa-miR-4739",-0.100871232464799,11.1110893793622,-1.17316225575476,0.240800188205916,0.264056544410914,-7.30868596154206,FALSE
"hsa-miR-4749-5p",-0.0345806506271469,10.0404412899691,-1.12680544650896,0.259891942298718,0.284419896692372,-7.67165631816059,FALSE
"hsa-miR-4274",-0.0320836837949994,8.32908450777632,-1.10901449746227,0.267490208239617,0.292148624229641,-7.71800739925502,FALSE
"hsa-miR-6808-5p",-0.0480368694187678,9.01182466366704,-1.09990584675603,0.271438952275808,0.295868457980631,-7.83153307379708,FALSE
"hsa-miR-208a-5p",-0.0356158644248641,8.29964327632011,-1.08616303637245,0.277471933649354,0.301840726225346,-7.73673583072277,FALSE
"hsa-miR-6810-5p",0.0276605811833708,8.23304324762176,1.07578345589637,0.282088613457253,0.306251582339049,-7.74043394588507,FALSE
"hsa-miR-3185",0.0490430196305436,8.77728438582039,1.06467701972379,0.287086019833896,0.311057417116249,-7.84320002432576,FALSE
"hsa-miR-4758-5p",0.037805210994021,10.0225265159768,1.04027898418088,0.298272809162284,0.322537065463185,-7.76986915387668,FALSE
"hsa-miR-6798-5p",0.0814988756396193,10.2197432333289,1.01782004311123,0.308824738862934,0.333286104317424,-7.74166546262199,FALSE
"hsa-miR-6821-5p",-0.0486530234552891,10.1296523767473,-1.01341743199284,0.310921751196786,0.334886075893772,-7.76980017074218,FALSE
"hsa-miR-4665-3p",-0.0282620797127908,8.25681658969997,-0.96714250339994,0.333530926973401,0.358529300198232,-7.84008228209688,FALSE
"hsa-miR-6859-3p",0.0330658662441179,8.00909417918317,0.922997278367089,0.356063966910545,0.381997759776077,-7.82371508931301,FALSE
"hsa-miR-6860",0.0286122609072379,8.22342993862487,0.873469611159299,0.382459288643455,0.40950945444142,-7.93429000750651,FALSE
"hsa-miR-6803-5p",0.0736918329179357,10.9333998600978,0.868682778708,0.385072479349838,0.411499022050317,-7.672556199489,FALSE
"hsa-miR-642a-3p",-0.0234865141457323,9.61948359344264,-0.809857975276766,0.418069698216836,0.445886468743984,-8.07418087017087,FALSE
"hsa-miR-6825-3p",0.0255722343021194,8.22631046494019,0.786145493350608,0.431828548435919,0.459661247846828,-8.01038036270748,FALSE
"hsa-miR-4667-5p",-0.0270225896789551,8.62560084564534,-0.769007011959076,0.441934284175694,0.469501335040454,-8.08594687256508,FALSE
"hsa-miR-1908-3p",0.0387767346399279,7.96219115446335,0.760937728468971,0.446738852885955,0.473682246737054,-7.92699571012167,FALSE
"hsa-miR-583",-0.0173436404462599,8.29733132577377,-0.754855652357087,0.450379776503021,0.476615491639119,-8.06217237441787,FALSE
"hsa-miR-3178",0.0600107917619912,11.6649003832718,0.748980145752515,0.453912953693893,0.478562834844991,-7.54275510505885,FALSE
"hsa-miR-6511a-3p",-0.0259515879289189,8.0900090361886,-0.748875338048015,0.453976120394239,0.478562834844991,-7.99395737086814,FALSE
"hsa-miR-5008-5p",0.0255752131341964,8.3231982541913,0.728095512383571,0.46659748885639,0.490918207387514,-8.06685114962902,FALSE
"hsa-miR-149-3p",-0.0335392716446545,10.7826275204794,-0.6901071877614,0.490166584941393,0.514722136402811,-7.85824550216245,FALSE
"hsa-miR-6729-3p",-0.0175865047369594,8.57428400827919,-0.649172272886899,0.516264083525486,0.541084472156519,-8.19360704622415,FALSE
"hsa-miR-30b-3p",-0.0227931883691541,8.01112153795042,-0.645315389253284,0.518759616249479,0.54265641239149,-8.03839568573192,FALSE
"hsa-miR-7109-3p",0.0180443861951858,8.20564302993334,0.636200606548322,0.524681864170793,0.547800030599774,-8.09985947908606,FALSE
"hsa-miR-6775-5p",0.0248000358368117,10.1578540072031,0.613561625075193,0.539539731539617,0.562130118487602,-8.08597243959783,FALSE
"hsa-miR-1234-3p",0.0173117933494247,8.29087935710126,0.612154610411877,0.540470058876153,0.562130118487602,-8.15034775523755,FALSE
"hsa-miR-449b-3p",-0.0170294224537875,7.93669398280962,-0.508295963094113,0.61127366598108,0.633586372885731,-8.08319252546117,FALSE
"hsa-miR-4433a-5p",0.0529177249126995,7.03795095354706,0.507975969921133,0.61149804061999,0.633586372885731,-7.85776893472441,FALSE
"hsa-miR-6804-3p",-0.0166034212412374,8.16367626278234,-0.496635987033341,0.619472901887372,0.640631369124512,-8.16531029551138,FALSE
"hsa-miR-6724-5p",-0.0326097197883257,10.5436196827835,-0.491655658230373,0.622989608612826,0.64304798616286,-8.04499458286632,FALSE
"hsa-miR-4769-3p",-0.0188271897910832,7.94223804519967,-0.48857129047481,0.625171868609338,0.643297458716922,-8.10808464502564,FALSE
"hsa-miR-6085",-0.0289555467115914,11.1003898667644,-0.487977984379693,0.625592024073337,0.643297458716922,-7.87256541601209,FALSE
"hsa-miR-125b-1-3p",0.0126572130335898,8.05767006501582,0.343732790290871,0.731065209195107,0.750339998138104,-8.20824334038658,FALSE
"hsa-miR-365a-5p",0.00840680744275701,8.86819191939846,0.329797097882217,0.741570448144831,0.75969153052431,-8.38175302971355,FALSE
"hsa-miR-6802-3p",-0.00963630927521386,8.02581970201986,-0.303726136652037,0.761352248216997,0.778493387013627,-8.20696602684729,FALSE
"hsa-miR-3713",-0.00610980994189347,8.07200295463586,-0.233442937982791,0.815429349472994,0.832226583263636,-8.24113604518762,FALSE
"hsa-miR-4466",0.0261857834807859,11.2193372752119,0.230839988687504,0.817450860993042,0.832730316338706,-7.93023070124599,FALSE
"hsa-miR-532-3p",0.00520727956932454,8.20169175557844,0.174776252521026,0.861264242383598,0.875724640380738,-8.29314674835648,FALSE
"hsa-miR-6126",0.0125659105158977,11.9647241096911,0.172733031148033,0.86286996676047,0.875724640380738,-7.73148404896761,FALSE
"hsa-miR-3196",0.0167038726160147,10.5627969670076,0.154789188317014,0.876995288351548,0.888406007716717,-8.13150327139992,FALSE
"hsa-miR-5196-5p",0.00541146228886724,8.42968631308115,0.149690274890823,0.881016483608741,0.890823717192512,-8.34453104713843,FALSE
"hsa-miR-6894-5p",-0.00306065769704489,8.54102872053133,-0.126283181672321,0.899514078335469,0.90784291239413,-8.38275430800212,FALSE
"hsa-miR-3656",-0.00813495094975636,10.2718747534322,-0.0821578238388958,0.934525303587122,0.941434917661703,-8.23667422118621,FALSE
"hsa-miR-451a",0.00265632396940063,8.22806029930814,0.0624253953667702,0.950227172455062,0.954738233194157,-8.35331721852036,FALSE
"hsa-miR-6891-5p",0.00235875011567899,9.13472117275023,0.0611602716706181,0.951234606650325,0.954738233194157,-8.44750236607163,FALSE
"hsa-miR-6763-5p",-0.00163773051268734,9.08788533696661,-0.0483363443700728,0.961450588755354,0.963217961161154,-8.4483015673293,FALSE
"hsa-miR-6802-5p",6.07459050119274e-05,10.1821659152779,0.00186141733685713,0.998514896979925,0.998514896979925,-8.26715962883434,FALSE
